,index,Team1,Team2,Winner,Margin,Ground,Match_Date,Scorecard,level_0
0,0,New Zealand,Australia,Australia,44 runs,Auckland,"Feb 17, 2005",T20I # 1,
1,1,England,Australia,England,100 runs,Southampton,"Jun 13, 2005",T20I # 2,
2,2,South Africa,New Zealand,New Zealand,5 wickets,Johannesburg,"Oct 21, 2005",T20I # 3,
3,0,Australia,South Africa,Australia,95 runs,Brisbane,"Jan 9, 2006",T20I # 4,
4,1,New Zealand,West Indies,tied,,Auckland,"Feb 16, 2006",T20I # 5,
5,2,South Africa,Australia,South Africa,2 runs,Johannesburg,"Feb 24, 2006",T20I # 6,
6,3,England,Sri Lanka,Sri Lanka,2 runs,Southampton,"Jun 15, 2006",T20I # 7,
7,4,England,Pakistan,Pakistan,5 wickets,Bristol,"Aug 28, 2006",T20I # 8,
8,5,Bangladesh,Zimbabwe,Bangladesh,43 runs,Khulna,"Nov 28, 2006",T20I # 9,
9,6,South Africa,India,India,6 wickets,Johannesburg,"Dec 1, 2006",T20I # 10,
10,7,New Zealand,Sri Lanka,Sri Lanka,18 runs,Wellington,"Dec 22, 2006",T20I # 11,
11,8,New Zealand,Sri Lanka,New Zealand,5 wickets,Auckland,"Dec 26, 2006",T20I # 12,
12,0,Australia,England,Australia,77 runs,Sydney,"Jan 9, 2007",T20I # 13,
13,1,South Africa,Pakistan,South Africa,10 wickets,Johannesburg,"Feb 2, 2007",T20I # 14,
14,2,England,West Indies,West Indies,15 runs,The Oval,"Jun 28, 2007",T20I # 15,
15,3,England,West Indies,England,5 wickets,The Oval,"Jun 29, 2007",T20I # 16,
16,4,Kenya,Bangladesh,Bangladesh,5 wickets,Nairobi (Gym),"Sep 1, 2007",T20I # 17,
17,5,Bangladesh,Pakistan,Pakistan,30 runs,Nairobi (Gym),"Sep 2, 2007",T20I # 18,
18,6,Kenya,Pakistan,Pakistan,8 wickets,Nairobi (Gym),"Sep 4, 2007",T20I # 19,
19,7,South Africa,West Indies,South Africa,8 wickets,Johannesburg,"Sep 11, 2007",T20I # 20,
20,8,Kenya,New Zealand,New Zealand,9 wickets,Durban,"Sep 12, 2007",T20I # 21,
21,9,Pakistan,Scotland,Pakistan,51 runs,Durban,"Sep 12, 2007",T20I # 22,
22,10,Australia,Zimbabwe,Zimbabwe,5 wickets,Cape Town,"Sep 12, 2007",T20I # 23,
23,11,Bangladesh,West Indies,Bangladesh,6 wickets,Johannesburg,"Sep 13, 2007",T20I # 24,
24,12,England,Zimbabwe,England,50 runs,Cape Town,"Sep 13, 2007",T20I # 25,
25,13,India,Scotland,no result,,Durban,"Sep 13, 2007",T20I # 26,
26,14,Kenya,Sri Lanka,Sri Lanka,172 runs,Johannesburg,"Sep 14, 2007",T20I # 27,
27,15,Australia,England,Australia,8 wickets,Cape Town,"Sep 14, 2007",T20I # 28,
28,16,India,Pakistan,tied,,Durban,"Sep 14, 2007",T20I # 29,
29,17,New Zealand,Sri Lanka,Sri Lanka,7 wickets,Johannesburg,"Sep 15, 2007",T20I # 30,
30,18,South Africa,Bangladesh,South Africa,7 wickets,Cape Town,"Sep 15, 2007",T20I # 31,
31,19,India,New Zealand,New Zealand,10 runs,Johannesburg,"Sep 16, 2007",T20I # 32,
32,20,Australia,Bangladesh,Australia,9 wickets,Cape Town,"Sep 16, 2007",T20I # 33,
33,21,South Africa,England,South Africa,19 runs,Cape Town,"Sep 16, 2007",T20I # 34,
34,22,Pakistan,Sri Lanka,Pakistan,33 runs,Johannesburg,"Sep 17, 2007",T20I # 35,
35,23,England,New Zealand,New Zealand,5 runs,Durban,"Sep 18, 2007",T20I # 36,
36,24,Australia,Pakistan,Pakistan,6 wickets,Johannesburg,"Sep 18, 2007",T20I # 37,
37,25,Bangladesh,Sri Lanka,Sri Lanka,64 runs,Johannesburg,"Sep 18, 2007",T20I # 38,
38,26,South Africa,New Zealand,South Africa,6 wickets,Durban,"Sep 19, 2007",T20I # 39,
39,27,England,India,India,18 runs,Durban,"Sep 19, 2007",T20I # 40,
40,28,Australia,Sri Lanka,Australia,10 wickets,Cape Town,"Sep 20, 2007",T20I # 41,
41,29,Bangladesh,Pakistan,Pakistan,4 wickets,Cape Town,"Sep 20, 2007",T20I # 42,
42,30,South Africa,India,India,37 runs,Durban,"Sep 20, 2007",T20I # 43,
43,31,New Zealand,Pakistan,Pakistan,6 wickets,Cape Town,"Sep 22, 2007",T20I # 44,
44,32,Australia,India,India,15 runs,Durban,"Sep 22, 2007",T20I # 45,
45,33,India,Pakistan,India,5 runs,Johannesburg,"Sep 24, 2007",T20I # 46,
46,34,India,Australia,India,7 wickets,Mumbai (BS),"Oct 20, 2007",T20I # 47,
47,35,South Africa,New Zealand,South Africa,3 wickets,Johannesburg,"Nov 23, 2007",T20I # 48,
48,36,Australia,New Zealand,Australia,54 runs,Perth,"Dec 11, 2007",T20I # 49,
49,37,South Africa,West Indies,West Indies,5 wickets,Port Elizabeth,"Dec 16, 2007",T20I # 50,
50,0,South Africa,West Indies,South Africa,4 wickets,Johannesburg,"Jan 18, 2008",T20I # 51,
51,1,Australia,India,Australia,9 wickets,Melbourne,"Feb 1, 2008",T20I # 52,
52,2,New Zealand,England,England,32 runs,Auckland,"Feb 5, 2008",T20I # 53,
53,3,New Zealand,England,England,50 runs,Christchurch,"Feb 7, 2008",T20I # 54,
54,4,Pakistan,Bangladesh,Pakistan,102 runs,Karachi,"Apr 20, 2008",T20I # 55,
55,5,England,New Zealand,England,9 wickets,Manchester,"Jun 13, 2008",T20I # 56,
56,6,West Indies,Australia,West Indies,7 wickets,Bridgetown,"Jun 20, 2008",T20I # 57,
57,7,Kenya,Netherlands,Netherlands,19 runs,Belfast,"Aug 2, 2008",T20I # 58,
58,8,Ireland,Scotland,Ireland,4 wickets,Belfast,"Aug 2, 2008",T20I # 59,
59,9,Canada,Netherlands,Canada,4 wickets,Belfast,"Aug 2, 2008",T20I # 60,
60,10,Bermuda,Scotland,Scotland,8 wickets,Belfast,"Aug 3, 2008",T20I # 61,
61,11,Canada,Kenya,Kenya,4 wickets,Belfast,"Aug 3, 2008",T20I # 62,
62,12,Ireland,Bermuda,Ireland,4 runs,Belfast,"Aug 3, 2008",T20I # 63,
63,13,Ireland,Kenya,Ireland,4 wickets,Belfast,"Aug 4, 2008",T20I # 64,
64,14,Netherlands,Scotland,Netherlands,5 wickets,Belfast,"Aug 4, 2008",T20I # 65,
65,15,Kenya,Scotland,Scotland,9 wickets,Belfast,"Aug 4, 2008",T20I # 66,
66,16,Bermuda,Canada,Canada,8 wickets,Belfast,"Aug 5, 2008",T20I # 67,
67,17,Ireland,Netherlands,no result,,Belfast,"Aug 5, 2008",T20I # 68,
68,18,Sri Lanka,Zimbabwe,Sri Lanka,5 wickets,King City (NW),"Oct 10, 2008",T20I # 69,
69,19,Canada,Pakistan,Pakistan,35 runs,King City (NW),"Oct 10, 2008",T20I # 70,
70,20,Canada,Zimbabwe,tied,,King City (NW),"Oct 11, 2008",T20I # 71,
71,21,Pakistan,Sri Lanka,Pakistan,3 wickets,King City (NW),"Oct 11, 2008",T20I # 72,
72,22,Pakistan,Zimbabwe,Pakistan,7 wickets,King City (NW),"Oct 12, 2008",T20I # 73,
73,23,Canada,Sri Lanka,Sri Lanka,15 runs,King City (NW),"Oct 12, 2008",T20I # 74,
74,24,Canada,Zimbabwe,Zimbabwe,109 runs,King City (NW),"Oct 13, 2008",T20I # 75,
75,25,Pakistan,Sri Lanka,Sri Lanka,5 wickets,King City (NW),"Oct 13, 2008",T20I # 76,
76,26,South Africa,Bangladesh,South Africa,12 runs,Johannesburg,"Nov 5, 2008",T20I # 77,
77,27,New Zealand,West Indies,tied,,Auckland,"Dec 26, 2008",T20I # 78,
78,28,New Zealand,West Indies,New Zealand,36 runs,Hamilton,"Dec 28, 2008",T20I # 79,
79,0,Australia,South Africa,Australia,52 runs,Melbourne,"Jan 11, 2009",T20I # 80,
80,1,Australia,South Africa,Australia,6 wickets,Brisbane,"Jan 13, 2009",T20I # 81,
81,2,Sri Lanka,India,India,3 wickets,Colombo (RPS),"Feb 10, 2009",T20I # 82,
82,3,Australia,New Zealand,Australia,1 run,Sydney,"Feb 15, 2009",T20I # 83,
83,4,New Zealand,India,New Zealand,7 wickets,Christchurch,"Feb 25, 2009",T20I # 84,
84,5,New Zealand,India,New Zealand,5 wickets,Wellington,"Feb 27, 2009",T20I # 85,
85,6,West Indies,England,West Indies,6 wickets,Port of Spain,"Mar 15, 2009",T20I # 86,
86,7,South Africa,Australia,South Africa,4 wickets,Johannesburg,"Mar 27, 2009",T20I # 87,
87,8,South Africa,Australia,South Africa,17 runs,Centurion,"Mar 29, 2009",T20I # 88,
88,9,Australia,Pakistan,Pakistan,7 wickets,Dubai (DSC),"May 7, 2009",T20I # 89,
89,10,England,Netherlands,Netherlands,4 wickets,Lord's,"Jun 5, 2009",T20I # 90,
90,11,New Zealand,Scotland,New Zealand,7 wickets,The Oval,"Jun 6, 2009",T20I # 91,
91,12,Australia,West Indies,West Indies,7 wickets,The Oval,"Jun 6, 2009",T20I # 92,
92,13,Bangladesh,India,India,25 runs,Nottingham,"Jun 6, 2009",T20I # 93,
93,14,Scotland,South Africa,South Africa,130 runs,The Oval,"Jun 7, 2009",T20I # 94,
94,15,England,Pakistan,England,48 runs,The Oval,"Jun 7, 2009",T20I # 95,
95,16,Bangladesh,Ireland,Ireland,6 wickets,Nottingham,"Jun 8, 2009",T20I # 96,
96,17,Australia,Sri Lanka,Sri Lanka,6 wickets,Nottingham,"Jun 8, 2009",T20I # 97,
97,18,Netherlands,Pakistan,Pakistan,82 runs,Lord's,"Jun 9, 2009",T20I # 98,
98,19,New Zealand,South Africa,South Africa,1 run,Lord's,"Jun 9, 2009",T20I # 99,
99,20,Sri Lanka,West Indies,Sri Lanka,15 runs,Nottingham,"Jun 10, 2009",T20I # 100,
100,21,India,Ireland,India,8 wickets,Nottingham,"Jun 10, 2009",T20I # 101,
101,22,Ireland,New Zealand,New Zealand,83 runs,Nottingham,"Jun 11, 2009",T20I # 102,
102,23,England,South Africa,South Africa,7 wickets,Nottingham,"Jun 11, 2009",T20I # 103,
103,24,Pakistan,Sri Lanka,Sri Lanka,19 runs,Lord's,"Jun 12, 2009",T20I # 104,
104,25,India,West Indies,West Indies,7 wickets,Lord's,"Jun 12, 2009",T20I # 105,
105,26,South Africa,West Indies,South Africa,20 runs,The Oval,"Jun 13, 2009",T20I # 106,
106,27,New Zealand,Pakistan,Pakistan,6 wickets,The Oval,"Jun 13, 2009",T20I # 107,
107,28,Ireland,Sri Lanka,Sri Lanka,9 runs,Lord's,"Jun 14, 2009",T20I # 108,
108,29,England,India,England,3 runs,Lord's,"Jun 14, 2009",T20I # 109,
109,30,Ireland,Pakistan,Pakistan,39 runs,The Oval,"Jun 15, 2009",T20I # 110,
110,31,England,West Indies,West Indies,5 wickets,The Oval,"Jun 15, 2009",T20I # 111,
111,32,New Zealand,Sri Lanka,Sri Lanka,48 runs,Nottingham,"Jun 16, 2009",T20I # 112,
112,33,India,South Africa,South Africa,12 runs,Nottingham,"Jun 16, 2009",T20I # 113,
113,34,Pakistan,South Africa,Pakistan,7 runs,Nottingham,"Jun 18, 2009",T20I # 114,
114,35,Sri Lanka,West Indies,Sri Lanka,57 runs,The Oval,"Jun 19, 2009",T20I # 115,
115,36,Pakistan,Sri Lanka,Pakistan,8 wickets,Lord's,"Jun 21, 2009",T20I # 116,
116,37,West Indies,Bangladesh,West Indies,5 wickets,Basseterre,"Aug 2, 2009",T20I # 117,
117,38,Sri Lanka,Pakistan,Pakistan,52 runs,Colombo (RPS),"Aug 12, 2009",T20I # 118,
118,39,England,Australia,no result,,Manchester,"Aug 30, 2009",T20I # 119,
119,40,Sri Lanka,New Zealand,New Zealand,3 runs,Colombo (RPS),"Sep 2, 2009",T20I # 120,
120,41,Sri Lanka,New Zealand,New Zealand,22 runs,Colombo (RPS),"Sep 4, 2009",T20I # 121,
121,42,New Zealand,Pakistan,Pakistan,49 runs,Dubai (DSC),"Nov 12, 2009",T20I # 122,
122,43,New Zealand,Pakistan,Pakistan,7 runs,Dubai (DSC),"Nov 13, 2009",T20I # 123,
123,44,South Africa,England,England,1 run,Johannesburg,"Nov 13, 2009",T20I # 124,
124,45,South Africa,England,South Africa,84 runs,Centurion,"Nov 15, 2009",T20I # 125,
125,46,India,Sri Lanka,Sri Lanka,29 runs,Nagpur,"Dec 9, 2009",T20I # 126,
126,47,India,Sri Lanka,India,6 wickets,Mohali,"Dec 12, 2009",T20I # 127,
127,0,Afghanistan,Ireland,Ireland,5 wickets,Colombo (PSS),"Feb 1, 2010",T20I # 128,0.0
128,1,Kenya,Scotland,Kenya,10 wickets,Nairobi (Gym),"Feb 1, 2010",T20I # 129,1.0
129,2,Canada,Ireland,Canada,4 runs,Colombo (SSC),"Feb 3, 2010",T20I # 130,2.0
130,3,New Zealand,Bangladesh,New Zealand,10 wickets,Hamilton,"Feb 3, 2010",T20I # 131,3.0
131,4,Afghanistan,Canada,Afghanistan,5 wickets,Colombo (SSC),"Feb 4, 2010",T20I # 132,4.0
132,5,Kenya,Scotland,Kenya,10 wickets,Nairobi (Gym),"Feb 4, 2010",T20I # 133,5.0
133,6,Australia,Pakistan,Australia,2 runs,Melbourne,"Feb 5, 2010",T20I # 134,6.0
134,7,Afghanistan,Ireland,Afghanistan,13 runs,Dubai (DSC),"Feb 9, 2010",T20I # 135,7.0
135,8,Canada,Netherlands,Netherlands,6 wickets,Dubai (DSC),"Feb 9, 2010",T20I # 136,8.0
136,9,Afghanistan,Scotland,Afghanistan,14 runs,Abu Dhabi,"Feb 10, 2010",T20I # 137,9.0
137,10,Canada,Kenya,Kenya,9 wickets,Dubai (DSC),"Feb 10, 2010",T20I # 138,10.0
138,11,Kenya,Netherlands,Netherlands,7 wickets,Abu Dhabi,"Feb 11, 2010",T20I # 139,11.0
139,12,Ireland,Scotland,Ireland,37 runs,Dubai (DSC),"Feb 11, 2010",T20I # 140,12.0
140,13,Afghanistan,Netherlands,Netherlands,4 wickets,Dubai (DSC),"Feb 12, 2010",T20I # 141,13.0
141,14,Ireland,Netherlands,Ireland,65 runs,Dubai (DSC),"Feb 13, 2010",T20I # 142,14.0
142,15,Afghanistan,Ireland,Afghanistan,8 wickets,Dubai (DSC),"Feb 13, 2010",T20I # 143,15.0
143,16,England,Pakistan,England,7 wickets,Dubai (DSC),"Feb 19, 2010",T20I # 144,16.0
144,17,England,Pakistan,Pakistan,4 wickets,Dubai (DSC),"Feb 20, 2010",T20I # 145,17.0
145,18,Australia,West Indies,Australia,38 runs,Hobart,"Feb 21, 2010",T20I # 146,18.0
146,19,Australia,West Indies,Australia,8 wickets,Sydney,"Feb 23, 2010",T20I # 147,19.0
147,20,New Zealand,Australia,Australia,6 wickets,Wellington,"Feb 26, 2010",T20I # 148,20.0
148,21,New Zealand,Australia,tied,,Christchurch,"Feb 28, 2010",T20I # 149,21.0
149,22,West Indies,Zimbabwe,Zimbabwe,26 runs,Port of Spain,"Feb 28, 2010",T20I # 150,22.0
150,23,New Zealand,Sri Lanka,New Zealand,2 wickets,Providence,"Apr 30, 2010",T20I # 151,23.0
151,24,West Indies,Ireland,West Indies,70 runs,Providence,"Apr 30, 2010",T20I # 152,24.0
152,25,Afghanistan,India,India,7 wickets,Gros Islet,"May 1, 2010",T20I # 153,25.0
153,26,Bangladesh,Pakistan,Pakistan,21 runs,Gros Islet,"May 1, 2010",T20I # 154,26.0
154,27,India,South Africa,India,14 runs,Gros Islet,"May 2, 2010",T20I # 155,27.0
155,28,Australia,Pakistan,Australia,34 runs,Gros Islet,"May 2, 2010",T20I # 156,28.0
156,29,Sri Lanka,Zimbabwe,Sri Lanka,14 runs,Providence,"May 3, 2010",T20I # 157,29.0
157,30,West Indies,England,West Indies,8 wickets,Providence,"May 3, 2010",T20I # 158,30.0
158,31,New Zealand,Zimbabwe,New Zealand,7 runs,Providence,"May 4, 2010",T20I # 159,31.0
159,32,England,Ireland,no result,,Providence,"May 4, 2010",T20I # 160,32.0
160,33,Australia,Bangladesh,Australia,27 runs,Bridgetown,"May 5, 2010",T20I # 161,33.0
161,34,Afghanistan,South Africa,South Africa,59 runs,Bridgetown,"May 5, 2010",T20I # 162,34.0
162,35,England,Pakistan,England,6 wickets,Bridgetown,"May 6, 2010",T20I # 163,35.0
163,36,New Zealand,South Africa,South Africa,13 runs,Bridgetown,"May 6, 2010",T20I # 164,36.0
164,37,Australia,India,Australia,49 runs,Bridgetown,"May 7, 2010",T20I # 165,37.0
165,38,West Indies,Sri Lanka,Sri Lanka,57 runs,Bridgetown,"May 7, 2010",T20I # 166,38.0
166,39,New Zealand,Pakistan,New Zealand,1 run,Bridgetown,"May 8, 2010",T20I # 167,39.0
167,40,England,South Africa,England,39 runs,Bridgetown,"May 8, 2010",T20I # 168,40.0
168,41,West Indies,India,West Indies,14 runs,Bridgetown,"May 9, 2010",T20I # 169,41.0
169,42,Australia,Sri Lanka,Australia,81 runs,Bridgetown,"May 9, 2010",T20I # 170,42.0
170,43,Pakistan,South Africa,Pakistan,11 runs,Gros Islet,"May 10, 2010",T20I # 171,43.0
171,44,England,New Zealand,England,3 wickets,Gros Islet,"May 10, 2010",T20I # 172,44.0
172,45,India,Sri Lanka,Sri Lanka,5 wickets,Gros Islet,"May 11, 2010",T20I # 173,45.0
173,46,West Indies,Australia,Australia,6 wickets,Gros Islet,"May 11, 2010",T20I # 174,46.0
174,47,England,Sri Lanka,England,7 wickets,Gros Islet,"May 13, 2010",T20I # 175,47.0
175,48,Australia,Pakistan,Australia,3 wickets,Gros Islet,"May 14, 2010",T20I # 176,48.0
176,49,Australia,England,England,7 wickets,Bridgetown,"May 16, 2010",T20I # 177,49.0
177,50,West Indies,South Africa,South Africa,13 runs,North Sound,"May 19, 2010",T20I # 178,50.0
178,51,West Indies,South Africa,South Africa,1 run,North Sound,"May 20, 2010",T20I # 179,51.0
179,52,New Zealand,Sri Lanka,New Zealand,28 runs,Lauderhill,"May 22, 2010",T20I # 180,52.0
180,53,New Zealand,Sri Lanka,Sri Lanka,7 wickets,Lauderhill,"May 23, 2010",T20I # 181,53.0
181,54,Zimbabwe,India,India,6 wickets,Harare,"Jun 12, 2010",T20I # 182,54.0
182,55,Zimbabwe,India,India,7 wickets,Harare,"Jun 13, 2010",T20I # 183,55.0
183,56,Australia,Pakistan,Pakistan,23 runs,Birmingham,"Jul 5, 2010",T20I # 184,56.0
184,57,Australia,Pakistan,Pakistan,11 runs,Birmingham,"Jul 6, 2010",T20I # 185,57.0
185,58,England,Pakistan,England,5 wickets,Cardiff,"Sep 5, 2010",T20I # 186,58.0
186,59,England,Pakistan,England,6 wickets,Cardiff,"Sep 7, 2010",T20I # 187,59.0
187,60,South Africa,Zimbabwe,South Africa,7 wickets,Bloemfontein,"Oct 8, 2010",T20I # 188,60.0
188,61,South Africa,Zimbabwe,South Africa,8 runs,Kimberley,"Oct 10, 2010",T20I # 189,61.0
189,62,Pakistan,South Africa,South Africa,6 wickets,Abu Dhabi,"Oct 26, 2010",T20I # 190,62.0
190,63,Pakistan,South Africa,South Africa,6 wickets,Abu Dhabi,"Oct 27, 2010",T20I # 191,63.0
191,64,Australia,Sri Lanka,Sri Lanka,7 wickets,Perth,"Oct 31, 2010",T20I # 192,64.0
192,65,New Zealand,Pakistan,New Zealand,5 wickets,Auckland,"Dec 26, 2010",T20I # 193,65.0
193,66,New Zealand,Pakistan,New Zealand,39 runs,Hamilton,"Dec 28, 2010",T20I # 194,66.0
194,67,New Zealand,Pakistan,Pakistan,103 runs,Christchurch,"Dec 30, 2010",T20I # 195,67.0
195,0,South Africa,India,India,21 runs,Durban,"Jan 9, 2011",T20I # 196,68.0
196,1,Australia,England,England,1 wicket,Adelaide,"Jan 12, 2011",T20I # 197,69.0
197,2,Australia,England,Australia,4 runs,Melbourne,"Jan 14, 2011",T20I # 198,70.0
198,3,West Indies,Pakistan,West Indies,7 runs,Gros Islet,"Apr 21, 2011",T20I # 199,71.0
199,4,West Indies,India,India,16 runs,Port of Spain,"Jun 4, 2011",T20I # 200,72.0
200,5,England,Sri Lanka,Sri Lanka,9 wickets,Bristol,"Jun 25, 2011",T20I # 201,73.0
201,6,Sri Lanka,Australia,Sri Lanka,35 runs,Pallekele,"Aug 6, 2011",T20I # 202,74.0
202,7,Sri Lanka,Australia,Sri Lanka,8 runs,Pallekele,"Aug 8, 2011",T20I # 203,75.0
203,8,England,India,England,6 wickets,Manchester,"Aug 31, 2011",T20I # 204,76.0
204,9,Zimbabwe,Pakistan,Pakistan,85 runs,Harare,"Sep 16, 2011",T20I # 205,77.0
205,10,Zimbabwe,Pakistan,Pakistan,5 runs,Harare,"Sep 18, 2011",T20I # 206,78.0
206,11,England,West Indies,England,10 wickets,The Oval,"Sep 23, 2011",T20I # 207,79.0
207,12,England,West Indies,West Indies,25 runs,The Oval,"Sep 25, 2011",T20I # 208,80.0
208,13,Bangladesh,West Indies,Bangladesh,3 wickets,Dhaka,"Oct 11, 2011",T20I # 209,81.0
209,14,South Africa,Australia,Australia,5 wickets,Cape Town,"Oct 13, 2011",T20I # 210,82.0
210,15,Zimbabwe,New Zealand,New Zealand,10 wickets,Harare,"Oct 15, 2011",T20I # 211,83.0
211,16,South Africa,Australia,South Africa,3 wickets,Johannesburg,"Oct 16, 2011",T20I # 212,84.0
212,17,Zimbabwe,New Zealand,New Zealand,34 runs,Harare,"Oct 17, 2011",T20I # 213,85.0
213,18,India,England,England,6 wickets,Kolkata,"Oct 29, 2011",T20I # 214,86.0
214,19,Pakistan,Sri Lanka,Pakistan,5 wickets,Abu Dhabi,"Nov 25, 2011",T20I # 215,87.0
215,20,Bangladesh,Pakistan,Pakistan,50 runs,Dhaka,"Nov 29, 2011",T20I # 216,88.0
216,0,Australia,India,Australia,31 runs,Sydney,"Feb 1, 2012",T20I # 217,89.0
217,1,Australia,India,India,8 wickets,Melbourne,"Feb 3, 2012",T20I # 218,90.0
218,2,New Zealand,Zimbabwe,New Zealand,7 wickets,Auckland,"Feb 11, 2012",T20I # 219,91.0
219,3,New Zealand,Zimbabwe,New Zealand,5 wickets,Hamilton,"Feb 14, 2012",T20I # 220,92.0
220,4,New Zealand,South Africa,New Zealand,6 wickets,Wellington,"Feb 17, 2012",T20I # 221,93.0
221,5,New Zealand,South Africa,South Africa,8 wickets,Hamilton,"Feb 19, 2012",T20I # 222,94.0
222,6,New Zealand,South Africa,South Africa,3 runs,Auckland,"Feb 22, 2012",T20I # 223,95.0
223,7,Kenya,Ireland,Ireland,6 wickets,Mombasa,"Feb 22, 2012",T20I # 224,96.0
224,8,Kenya,Ireland,Ireland,8 wickets,Mombasa,"Feb 23, 2012",T20I # 225,97.0
225,9,England,Pakistan,Pakistan,8 runs,Dubai (DSC),"Feb 23, 2012",T20I # 226,98.0
226,10,Kenya,Ireland,Ireland,2 runs,Mombasa,"Feb 24, 2012",T20I # 227,99.0
227,11,England,Pakistan,England,38 runs,Dubai (DSC),"Feb 25, 2012",T20I # 228,100.0
228,12,England,Pakistan,England,5 runs,Abu Dhabi,"Feb 27, 2012",T20I # 229,101.0
229,13,Canada,Netherlands,Netherlands,42 runs,Dubai (DSC),"Mar 13, 2012",T20I # 230,102.0
230,14,Kenya,Scotland,Scotland,14 runs,ICCA Dubai,"Mar 13, 2012",T20I # 231,103.0
231,15,Ireland,Kenya,Ireland,10 wickets,Dubai (DSC),"Mar 14, 2012",T20I # 232,104.0
232,16,Afghanistan,Netherlands,Afghanistan,4 wickets,Dubai (DSC),"Mar 14, 2012",T20I # 233,105.0
233,17,Afghanistan,Canada,Afghanistan,41 runs,ICCA Dubai,"Mar 18, 2012",T20I # 234,106.0
234,18,Ireland,Scotland,Ireland,17 runs,Dubai (DSC),"Mar 18, 2012",T20I # 235,107.0
235,19,Canada,Ireland,Ireland,10 wickets,Dubai (DSC),"Mar 22, 2012",T20I # 236,108.0
236,20,Netherlands,Scotland,Netherlands,3 wickets,ICCA Dubai,"Mar 22, 2012",T20I # 237,109.0
237,21,Ireland,Netherlands,Ireland,7 wickets,Dubai (DSC),"Mar 23, 2012",T20I # 238,110.0
238,22,Canada,Scotland,Scotland,4 wickets,Dubai (DSC),"Mar 23, 2012",T20I # 239,111.0
239,23,Afghanistan,Ireland,Ireland,5 wickets,Dubai (DSC),"Mar 24, 2012",T20I # 240,112.0
240,24,West Indies,Australia,Australia,8 wickets,Gros Islet,"Mar 27, 2012",T20I # 241,113.0
241,25,South Africa,India,South Africa,11 runs,Johannesburg,"Mar 30, 2012",T20I # 242,114.0
242,26,West Indies,Australia,West Indies,14 runs,Bridgetown,"Mar 30, 2012",T20I # 243,115.0
243,27,Sri Lanka,Pakistan,Sri Lanka,37 runs,Hambantota,"Jun 1, 2012",T20I # 244,116.0
244,28,Sri Lanka,Pakistan,Pakistan,23 runs,Hambantota,"Jun 3, 2012",T20I # 245,117.0
245,29,England,West Indies,England,7 wickets,Nottingham,"Jun 24, 2012",T20I # 246,118.0
246,30,New Zealand,West Indies,West Indies,56 runs,Lauderhill,"Jun 30, 2012",T20I # 247,119.0
247,31,New Zealand,West Indies,West Indies,61 runs,Lauderhill,"Jul 1, 2012",T20I # 248,120.0
248,32,Ireland,Bangladesh,Bangladesh,71 runs,Belfast,"Jul 18, 2012",T20I # 249,121.0
249,33,Ireland,Bangladesh,Bangladesh,1 run,Belfast,"Jul 20, 2012",T20I # 250,122.0
250,34,Ireland,Bangladesh,Bangladesh,2 wickets,Belfast,"Jul 21, 2012",T20I # 251,123.0
251,35,Bangladesh,Scotland,Scotland,34 runs,The Hague,"Jul 24, 2012",T20I # 252,124.0
252,36,Netherlands,Bangladesh,Bangladesh,8 wickets,The Hague,"Jul 25, 2012",T20I # 253,125.0
253,37,Netherlands,Bangladesh,Netherlands,1 wicket,The Hague,"Jul 26, 2012",T20I # 254,126.0
254,38,Sri Lanka,India,India,39 runs,Pallekele,"Aug 7, 2012",T20I # 255,127.0
255,39,Australia,Pakistan,Pakistan,7 wickets,Dubai (DSC),"Sep 5, 2012",T20I # 256,128.0
256,40,Australia,Pakistan,tied,,Dubai (DSC),"Sep 7, 2012",T20I # 257,129.0
257,41,England,South Africa,South Africa,7 wickets,Chester-le-Street,"Sep 8, 2012",T20I # 258,130.0
258,42,Australia,Pakistan,Australia,94 runs,Dubai (DSC),"Sep 10, 2012",T20I # 259,131.0
259,43,England,South Africa,no result,,Manchester,"Sep 10, 2012",T20I # 260,132.0
260,44,India,New Zealand,New Zealand,1 run,Chennai,"Sep 11, 2012",T20I # 261,133.0
261,45,England,South Africa,England,28 runs,Birmingham,"Sep 12, 2012",T20I # 262,134.0
262,46,Sri Lanka,Zimbabwe,Sri Lanka,82 runs,Hambantota,"Sep 18, 2012",T20I # 263,135.0
263,47,Australia,Ireland,Australia,7 wickets,Colombo (RPS),"Sep 19, 2012",T20I # 264,136.0
264,48,Afghanistan,India,India,23 runs,Colombo (RPS),"Sep 19, 2012",T20I # 265,137.0
265,49,South Africa,Zimbabwe,South Africa,10 wickets,Hambantota,"Sep 20, 2012",T20I # 266,138.0
266,50,Bangladesh,New Zealand,New Zealand,59 runs,Pallekele,"Sep 21, 2012",T20I # 267,139.0
267,51,Afghanistan,England,England,116 runs,Colombo (RPS),"Sep 21, 2012",T20I # 268,140.0
268,52,Sri Lanka,South Africa,South Africa,32 runs,Hambantota,"Sep 22, 2012",T20I # 269,141.0
269,53,Australia,West Indies,Australia,17 runs,Colombo (RPS),"Sep 22, 2012",T20I # 270,142.0
270,54,New Zealand,Pakistan,Pakistan,13 runs,Pallekele,"Sep 23, 2012",T20I # 271,143.0
271,55,England,India,India,90 runs,Colombo (RPS),"Sep 23, 2012",T20I # 272,144.0
272,56,Ireland,West Indies,no result,,Colombo (RPS),"Sep 24, 2012",T20I # 273,145.0
273,57,Bangladesh,Pakistan,Pakistan,8 wickets,Pallekele,"Sep 25, 2012",T20I # 274,146.0
274,58,Sri Lanka,New Zealand,tied,,Pallekele,"Sep 27, 2012",T20I # 275,147.0
275,59,England,West Indies,West Indies,15 runs,Pallekele,"Sep 27, 2012",T20I # 276,148.0
276,60,Pakistan,South Africa,Pakistan,2 wickets,Colombo (RPS),"Sep 28, 2012",T20I # 277,149.0
277,61,Australia,India,Australia,9 wickets,Colombo (RPS),"Sep 28, 2012",T20I # 278,150.0
278,62,England,New Zealand,England,6 wickets,Pallekele,"Sep 29, 2012",T20I # 279,151.0
279,63,Sri Lanka,West Indies,Sri Lanka,9 wickets,Pallekele,"Sep 29, 2012",T20I # 280,152.0
280,64,Australia,South Africa,Australia,8 wickets,Colombo (RPS),"Sep 30, 2012",T20I # 281,153.0
281,65,India,Pakistan,India,8 wickets,Colombo (RPS),"Sep 30, 2012",T20I # 282,154.0
282,66,New Zealand,West Indies,tied,,Pallekele,"Oct 1, 2012",T20I # 283,155.0
283,67,Sri Lanka,England,Sri Lanka,19 runs,Pallekele,"Oct 1, 2012",T20I # 284,156.0
284,68,Australia,Pakistan,Pakistan,32 runs,Colombo (RPS),"Oct 2, 2012",T20I # 285,157.0
285,69,India,South Africa,India,1 run,Colombo (RPS),"Oct 2, 2012",T20I # 286,158.0
286,70,Sri Lanka,Pakistan,Sri Lanka,16 runs,Colombo (RPS),"Oct 4, 2012",T20I # 287,159.0
287,71,Australia,West Indies,West Indies,74 runs,Colombo (RPS),"Oct 5, 2012",T20I # 288,160.0
288,72,Sri Lanka,West Indies,West Indies,36 runs,Colombo (RPS),"Oct 7, 2012",T20I # 289,161.0
289,73,Sri Lanka,New Zealand,no result,,Pallekele,"Oct 30, 2012",T20I # 290,162.0
290,74,Bangladesh,West Indies,West Indies,18 runs,Dhaka,"Dec 10, 2012",T20I # 291,163.0
291,75,India,England,India,5 wickets,Pune,"Dec 20, 2012",T20I # 292,164.0
292,76,South Africa,New Zealand,South Africa,8 wickets,Durban,"Dec 21, 2012",T20I # 293,165.0
293,77,India,England,England,6 wickets,Mumbai,"Dec 22, 2012",T20I # 294,166.0
294,78,South Africa,New Zealand,New Zealand,8 wickets,East London,"Dec 23, 2012",T20I # 295,167.0
295,79,India,Pakistan,Pakistan,5 wickets,Bengaluru,"Dec 25, 2012",T20I # 296,168.0
296,80,South Africa,New Zealand,South Africa,33 runs,Port Elizabeth,"Dec 26, 2012",T20I # 297,169.0
297,81,India,Pakistan,India,11 runs,Ahmedabad,"Dec 28, 2012",T20I # 298,170.0
298,0,Australia,Sri Lanka,Sri Lanka,5 wickets,Sydney,"Jan 26, 2013",T20I # 299,171.0
299,1,Australia,Sri Lanka,Sri Lanka,2 runs,Melbourne,"Jan 28, 2013",T20I # 300,172.0
300,2,New Zealand,England,England,40 runs,Auckland,"Feb 9, 2013",T20I # 301,173.0
301,3,New Zealand,England,New Zealand,55 runs,Hamilton,"Feb 12, 2013",T20I # 302,174.0
302,4,Australia,West Indies,West Indies,27 runs,Brisbane,"Feb 13, 2013",T20I # 303,175.0
303,5,New Zealand,England,England,10 wickets,Wellington,"Feb 15, 2013",T20I # 304,176.0
304,6,West Indies,Zimbabwe,West Indies,8 wickets,North Sound,"Mar 2, 2013",T20I # 305,177.0
305,7,South Africa,Pakistan,Pakistan,95 runs,Centurion,"Mar 3, 2013",T20I # 306,178.0
306,8,Afghanistan,Scotland,Afghanistan,27 runs,Sharjah,"Mar 3, 2013",T20I # 307,179.0
307,9,West Indies,Zimbabwe,West Indies,41 runs,North Sound,"Mar 3, 2013",T20I # 308,180.0
308,10,Afghanistan,Scotland,Afghanistan,7 wickets,Sharjah,"Mar 4, 2013",T20I # 309,181.0
309,11,Canada,Kenya,Canada,5 wickets,ICCA Dubai,"Mar 15, 2013",T20I # 310,182.0
310,12,Canada,Kenya,Kenya,21 runs,ICCA Dubai,"Mar 16, 2013",T20I # 311,183.0
311,13,Sri Lanka,Bangladesh,Sri Lanka,17 runs,Pallekele,"Mar 31, 2013",T20I # 312,184.0
312,14,Kenya,Netherlands,Kenya,5 wickets,Windhoek,"Apr 19, 2013",T20I # 313,185.0
313,15,Kenya,Netherlands,Kenya,7 wickets,Windhoek,"Apr 20, 2013",T20I # 314,186.0
314,16,Zimbabwe,Bangladesh,Zimbabwe,6 runs,Bulawayo,"May 11, 2013",T20I # 315,187.0
315,17,Zimbabwe,Bangladesh,Bangladesh,34 runs,Bulawayo,"May 12, 2013",T20I # 316,188.0
316,18,England,New Zealand,New Zealand,5 runs,The Oval,"Jun 25, 2013",T20I # 317,189.0
317,19,England,New Zealand,no result,,The Oval,"Jun 27, 2013",T20I # 318,190.0
318,20,Scotland,Kenya,Scotland,35 runs,Aberdeen,"Jul 4, 2013",T20I # 319,191.0
319,21,Scotland,Kenya,Scotland,7 wickets,Aberdeen,"Jul 5, 2013",T20I # 320,192.0
320,22,West Indies,Pakistan,Pakistan,2 wickets,Kingstown,"Jul 27, 2013",T20I # 321,193.0
321,23,West Indies,Pakistan,Pakistan,11 runs,Kingstown,"Jul 28, 2013",T20I # 322,194.0
322,24,Sri Lanka,South Africa,South Africa,12 runs,Colombo (RPS),"Aug 2, 2013",T20I # 323,195.0
323,25,Sri Lanka,South Africa,South Africa,22 runs,Hambantota,"Aug 4, 2013",T20I # 324,196.0
324,26,Sri Lanka,South Africa,Sri Lanka,6 wickets,Hambantota,"Aug 6, 2013",T20I # 325,197.0
325,27,Zimbabwe,Pakistan,Pakistan,25 runs,Harare,"Aug 23, 2013",T20I # 326,198.0
326,28,Zimbabwe,Pakistan,Pakistan,19 runs,Harare,"Aug 24, 2013",T20I # 327,199.0
327,29,England,Australia,Australia,39 runs,Southampton,"Aug 29, 2013",T20I # 328,200.0
328,30,England,Australia,England,27 runs,Chester-le-Street,"Aug 31, 2013",T20I # 329,201.0
329,31,Afghanistan,Kenya,Afghanistan,106 runs,Sharjah,"Sep 30, 2013",T20I # 330,202.0
330,32,India,Australia,India,6 wickets,Rajkot,"Oct 10, 2013",T20I # 331,203.0
331,33,Afghanistan,Kenya,Kenya,34 runs,Sharjah,"Oct 11, 2013",T20I # 332,204.0
332,34,Bangladesh,New Zealand,New Zealand,15 runs,Dhaka,"Nov 6, 2013",T20I # 333,205.0
333,35,Pakistan,South Africa,South Africa,9 wickets,Dubai (DSC),"Nov 13, 2013",T20I # 334,206.0
334,36,Afghanistan,Netherlands,Netherlands,7 wickets,Sharjah,"Nov 15, 2013",T20I # 335,207.0
335,37,Pakistan,South Africa,South Africa,6 runs,Dubai (DSC),"Nov 15, 2013",T20I # 336,208.0
336,38,Afghanistan,Scotland,Afghanistan,17 runs,Sharjah,"Nov 16, 2013",T20I # 337,209.0
337,39,Canada,Ireland,Ireland,2 runs,Abu Dhabi,"Nov 16, 2013",T20I # 338,210.0
338,40,Kenya,Scotland,Kenya,92 runs,ICCA Dubai,"Nov 19, 2013",T20I # 339,211.0
339,41,South Africa,Pakistan,South Africa,4 runs,Johannesburg,"Nov 20, 2013",T20I # 340,212.0
340,42,Sri Lanka,New Zealand,Sri Lanka,8 wickets,Pallekele,"Nov 21, 2013",T20I # 341,213.0
341,43,Netherlands,Scotland,Scotland,15 runs,ICCA Dubai,"Nov 22, 2013",T20I # 342,214.0
342,44,South Africa,Pakistan,Pakistan,6 runs,Cape Town,"Nov 22, 2013",T20I # 343,215.0
343,45,Kenya,Netherlands,Netherlands,29 runs,ICCA Dubai,"Nov 23, 2013",T20I # 344,216.0
344,46,Afghanistan,Kenya,Afghanistan,34 runs,Sharjah,"Nov 24, 2013",T20I # 345,217.0
345,47,Canada,Kenya,Kenya,21 runs,Sharjah,"Nov 26, 2013",T20I # 346,218.0
346,48,Netherlands,Scotland,Netherlands,8 wickets,Abu Dhabi,"Nov 28, 2013",T20I # 347,219.0
347,49,Afghanistan,Ireland,Ireland,68 runs,Abu Dhabi,"Nov 30, 2013",T20I # 348,220.0
348,50,Afghanistan,Pakistan,Pakistan,6 wickets,Sharjah,"Dec 8, 2013",T20I # 349,221.0
349,51,Pakistan,Sri Lanka,Pakistan,3 wickets,Dubai (DSC),"Dec 11, 2013",T20I # 350,222.0
350,52,Pakistan,Sri Lanka,Sri Lanka,24 runs,Dubai (DSC),"Dec 13, 2013",T20I # 351,223.0
351,0,New Zealand,West Indies,New Zealand,81 runs,Auckland,"Jan 11, 2014",T20I # 352,224.0
352,1,New Zealand,West Indies,New Zealand,4 wickets,Wellington,"Jan 15, 2014",T20I # 353,225.0
353,2,Australia,England,Australia,13 runs,Hobart,"Jan 29, 2014",T20I # 354,226.0
354,3,Australia,England,Australia,8 wickets,Melbourne,"Jan 31, 2014",T20I # 355,227.0
355,4,Australia,England,Australia,84 runs,Sydney,"Feb 2, 2014",T20I # 356,228.0
356,5,Bangladesh,Sri Lanka,Sri Lanka,2 runs,Chattogram,"Feb 12, 2014",T20I # 357,229.0
357,6,Bangladesh,Sri Lanka,Sri Lanka,3 wickets,Chattogram,"Feb 14, 2014",T20I # 358,230.0
358,7,West Indies,Ireland,Ireland,6 wickets,Kingston,"Feb 19, 2014",T20I # 359,231.0
359,8,West Indies,Ireland,West Indies,11 runs,Kingston,"Feb 21, 2014",T20I # 360,232.0
360,9,West Indies,England,West Indies,27 runs,Bridgetown,"Mar 9, 2014",T20I # 361,233.0
361,10,West Indies,England,West Indies,5 wickets,Bridgetown,"Mar 11, 2014",T20I # 362,234.0
362,11,South Africa,Australia,Australia,5 wickets,Durban,"Mar 12, 2014",T20I # 363,235.0
363,12,West Indies,England,England,5 runs,Bridgetown,"Mar 13, 2014",T20I # 364,236.0
364,13,South Africa,Australia,Australia,6 wickets,Centurion,"Mar 14, 2014",T20I # 365,237.0
365,14,Bangladesh,Afghanistan,Bangladesh,9 wickets,Dhaka,"Mar 16, 2014",T20I # 366,238.0
366,15,Hong Kong,Nepal,Nepal,80 runs,Chattogram,"Mar 16, 2014",T20I # 367,239.0
367,16,Ireland,Zimbabwe,Ireland,3 wickets,Sylhet,"Mar 17, 2014",T20I # 368,240.0
368,17,Netherlands,U.A.E.,Netherlands,6 wickets,Sylhet,"Mar 17, 2014",T20I # 369,241.0
369,18,Afghanistan,Hong Kong,Afghanistan,7 wickets,Chattogram,"Mar 18, 2014",T20I # 370,242.0
370,19,Bangladesh,Nepal,Bangladesh,8 wickets,Chattogram,"Mar 18, 2014",T20I # 371,243.0
371,20,Netherlands,Zimbabwe,Zimbabwe,5 wickets,Sylhet,"Mar 19, 2014",T20I # 372,244.0
372,21,Ireland,U.A.E.,Ireland,21 runs,Sylhet,"Mar 19, 2014",T20I # 373,245.0
373,22,Afghanistan,Nepal,Nepal,9 runs,Chattogram,"Mar 20, 2014",T20I # 374,246.0
374,23,Bangladesh,Hong Kong,Hong Kong,2 wickets,Chattogram,"Mar 20, 2014",T20I # 375,247.0
375,24,U.A.E.,Zimbabwe,Zimbabwe,5 wickets,Sylhet,"Mar 21, 2014",T20I # 376,248.0
376,25,Ireland,Netherlands,Netherlands,6 wickets,Sylhet,"Mar 21, 2014",T20I # 377,249.0
377,26,India,Pakistan,India,7 wickets,Dhaka,"Mar 21, 2014",T20I # 378,250.0
378,27,South Africa,Sri Lanka,Sri Lanka,5 runs,Chattogram,"Mar 22, 2014",T20I # 379,251.0
379,28,England,New Zealand,New Zealand,9 runs,Chattogram,"Mar 22, 2014",T20I # 380,252.0
380,29,Australia,Pakistan,Pakistan,16 runs,Dhaka,"Mar 23, 2014",T20I # 381,253.0
381,30,India,West Indies,India,7 wickets,Dhaka,"Mar 23, 2014",T20I # 382,254.0
382,31,New Zealand,South Africa,South Africa,2 runs,Chattogram,"Mar 24, 2014",T20I # 383,255.0
383,32,Netherlands,Sri Lanka,Sri Lanka,9 wickets,Chattogram,"Mar 24, 2014",T20I # 384,256.0
384,33,Bangladesh,West Indies,West Indies,73 runs,Dhaka,"Mar 25, 2014",T20I # 385,257.0
385,34,Netherlands,South Africa,South Africa,6 runs,Chattogram,"Mar 27, 2014",T20I # 386,258.0
386,35,England,Sri Lanka,England,6 wickets,Chattogram,"Mar 27, 2014",T20I # 387,259.0
387,36,Australia,West Indies,West Indies,6 wickets,Dhaka,"Mar 28, 2014",T20I # 388,260.0
388,37,Bangladesh,India,India,8 wickets,Dhaka,"Mar 28, 2014",T20I # 389,261.0
389,38,Netherlands,New Zealand,New Zealand,6 wickets,Chattogram,"Mar 29, 2014",T20I # 390,262.0
390,39,England,South Africa,South Africa,3 runs,Chattogram,"Mar 29, 2014",T20I # 391,263.0
391,40,Bangladesh,Pakistan,Pakistan,50 runs,Dhaka,"Mar 30, 2014",T20I # 392,264.0
392,41,Australia,India,India,73 runs,Dhaka,"Mar 30, 2014",T20I # 393,265.0
393,42,England,Netherlands,Netherlands,45 runs,Chattogram,"Mar 31, 2014",T20I # 394,266.0
394,43,New Zealand,Sri Lanka,Sri Lanka,59 runs,Chattogram,"Mar 31, 2014",T20I # 395,267.0
395,44,Bangladesh,Australia,Australia,7 wickets,Dhaka,"Apr 1, 2014",T20I # 396,268.0
396,45,Pakistan,West Indies,West Indies,84 runs,Dhaka,"Apr 1, 2014",T20I # 397,269.0
397,46,Sri Lanka,West Indies,Sri Lanka,27 runs,Dhaka,"Apr 3, 2014",T20I # 398,270.0
398,47,India,South Africa,India,6 wickets,Dhaka,"Apr 4, 2014",T20I # 399,271.0
399,48,India,Sri Lanka,Sri Lanka,6 wickets,Dhaka,"Apr 6, 2014",T20I # 400,272.0
400,49,England,Sri Lanka,Sri Lanka,9 runs,The Oval,"May 20, 2014",T20I # 401,273.0
401,50,West Indies,New Zealand,New Zealand,12 runs,Roseau,"Jul 5, 2014",T20I # 402,274.0
402,51,West Indies,New Zealand,West Indies,39 runs,Roseau,"Jul 6, 2014",T20I # 403,275.0
403,52,West Indies,Bangladesh,no result,,Basseterre,"Aug 27, 2014",T20I # 404,276.0
404,53,England,India,England,3 runs,Birmingham,"Sep 7, 2014",T20I # 405,277.0
405,54,Australia,Pakistan,Australia,6 wickets,Dubai (DSC),"Oct 5, 2014",T20I # 406,278.0
406,55,Australia,South Africa,South Africa,7 wickets,Adelaide,"Nov 5, 2014",T20I # 407,279.0
407,56,Australia,South Africa,Australia,7 wickets,Melbourne,"Nov 7, 2014",T20I # 408,280.0
408,57,Australia,South Africa,Australia,2 wickets,Sydney,"Nov 9, 2014",T20I # 409,281.0
409,58,Hong Kong,Nepal,Hong Kong,2 wickets,Colombo (PSS),"Nov 24, 2014",T20I # 410,282.0
410,59,New Zealand,Pakistan,Pakistan,7 wickets,Dubai (DSC),"Dec 4, 2014",T20I # 411,283.0
411,60,New Zealand,Pakistan,New Zealand,17 runs,Dubai (DSC),"Dec 5, 2014",T20I # 412,284.0
412,0,South Africa,West Indies,West Indies,4 wickets,Cape Town,"Jan 9, 2015",T20I # 413,285.0
413,1,South Africa,West Indies,West Indies,4 wickets,Johannesburg,"Jan 11, 2015",T20I # 414,286.0
414,2,South Africa,West Indies,South Africa,69 runs,Durban,"Jan 14, 2015",T20I # 415,287.0
415,3,Bangladesh,Pakistan,Bangladesh,7 wickets,Dhaka,"Apr 24, 2015",T20I # 416,288.0
416,4,Pakistan,Zimbabwe,Pakistan,5 wickets,Lahore,"May 22, 2015",T20I # 417,289.0
417,5,Pakistan,Zimbabwe,Pakistan,2 wickets,Lahore,"May 24, 2015",T20I # 418,290.0
418,6,Ireland,Scotland,Scotland,6 wickets,Bready,"Jun 18, 2015",T20I # 419,291.0
419,7,Ireland,Scotland,no result,,Bready,"Jun 19, 2015",T20I # 420,292.0
420,8,Ireland,Scotland,Scotland,6 wickets,Bready,"Jun 20, 2015",T20I # 421,293.0
421,9,Ireland,Scotland,no result,,Bready,"Jun 21, 2015",T20I # 422,294.0
422,10,England,New Zealand,England,56 runs,Manchester,"Jun 23, 2015",T20I # 423,295.0
423,11,Netherlands,Nepal,Netherlands,18 runs,Amstelveen,"Jun 30, 2015",T20I # 424,296.0
424,12,Netherlands,Nepal,Netherlands,103 runs,Amstelveen,"Jul 1, 2015",T20I # 425,297.0
425,13,Netherlands,Nepal,Netherlands,18 runs,Rotterdam,"Jul 2, 2015",T20I # 426,298.0
426,14,Netherlands,Nepal,Nepal,3 wickets,Rotterdam,"Jul 3, 2015",T20I # 427,299.0
427,15,Bangladesh,South Africa,South Africa,52 runs,Dhaka,"Jul 5, 2015",T20I # 428,300.0
428,16,Bangladesh,South Africa,South Africa,31 runs,Dhaka,"Jul 7, 2015",T20I # 429,301.0
429,17,Scotland,U.A.E.,Scotland,9 wickets,Edinburgh,"Jul 9, 2015",T20I # 430,302.0
430,18,Afghanistan,Netherlands,Afghanistan,32 runs,Edinburgh,"Jul 9, 2015",T20I # 431,303.0
431,19,Afghanistan,U.A.E.,Afghanistan,8 wickets,Edinburgh,"Jul 10, 2015",T20I # 432,304.0
432,20,Scotland,Netherlands,Netherlands,32 runs,Edinburgh,"Jul 11, 2015",T20I # 433,305.0
433,21,Netherlands,U.A.E.,Netherlands,7 wickets,Edinburgh,"Jul 12, 2015",T20I # 434,306.0
434,22,Scotland,Afghanistan,Afghanistan,37 runs,Edinburgh,"Jul 12, 2015",T20I # 435,307.0
435,23,Ireland,Nepal,Ireland,8 wickets,Belfast,"Jul 13, 2015",T20I # 436,308.0
436,24,Ireland,P.N.G.,P.N.G.,2 wickets,Belfast,"Jul 15, 2015",T20I # 437,309.0
437,25,Hong Kong,Nepal,Hong Kong,5 wickets,Belfast,"Jul 15, 2015",T20I # 438,310.0
438,26,Nepal,P.N.G.,P.N.G.,8 wickets,Dublin (Malahide),"Jul 17, 2015",T20I # 439,311.0
439,27,Zimbabwe,India,India,54 runs,Harare,"Jul 17, 2015",T20I # 440,312.0
440,28,Ireland,Hong Kong,Hong Kong,5 runs,Dublin (Malahide),"Jul 17, 2015",T20I # 441,313.0
441,29,Zimbabwe,India,Zimbabwe,10 runs,Harare,"Jul 19, 2015",T20I # 442,314.0
442,30,Afghanistan,Hong Kong,Hong Kong,5 wickets,Dublin (Malahide),"Jul 21, 2015",T20I # 443,315.0
443,31,Afghanistan,P.N.G.,Afghanistan,6 wickets,Dublin (Malahide),"Jul 23, 2015",T20I # 444,316.0
444,32,Hong Kong,Scotland,Scotland,5 wickets,Dublin (Malahide),"Jul 25, 2015",T20I # 445,317.0
445,33,Afghanistan,Oman,Afghanistan,5 wickets,Dublin,"Jul 25, 2015",T20I # 446,318.0
446,34,Ireland,Netherlands,Netherlands,5 wickets,Dublin (Malahide),"Jul 25, 2015",T20I # 447,319.0
447,35,Sri Lanka,Pakistan,Pakistan,29 runs,Colombo (RPS),"Jul 30, 2015",T20I # 448,320.0
448,36,Sri Lanka,Pakistan,Pakistan,1 wicket,Colombo (RPS),"Aug 1, 2015",T20I # 449,321.0
449,37,Zimbabwe,New Zealand,New Zealand,80 runs,Harare,"Aug 9, 2015",T20I # 450,322.0
450,38,South Africa,New Zealand,South Africa,6 wickets,Durban,"Aug 14, 2015",T20I # 451,323.0
451,39,South Africa,New Zealand,New Zealand,32 runs,Centurion,"Aug 16, 2015",T20I # 452,324.0
452,40,England,Australia,England,5 runs,Cardiff,"Aug 31, 2015",T20I # 453,325.0
453,41,Zimbabwe,Pakistan,Pakistan,13 runs,Harare,"Sep 27, 2015",T20I # 454,326.0
454,42,Zimbabwe,Pakistan,Pakistan,15 runs,Harare,"Sep 29, 2015",T20I # 455,327.0
455,43,India,South Africa,South Africa,7 wickets,Dharamsala,"Oct 2, 2015",T20I # 456,328.0
456,44,India,South Africa,South Africa,6 wickets,Cuttack,"Oct 5, 2015",T20I # 457,329.0
457,45,Zimbabwe,Afghanistan,Afghanistan,6 wickets,Bulawayo,"Oct 26, 2015",T20I # 458,330.0
458,46,Zimbabwe,Afghanistan,Afghanistan,5 wickets,Bulawayo,"Oct 28, 2015",T20I # 459,331.0
459,47,Sri Lanka,West Indies,Sri Lanka,30 runs,Pallekele,"Nov 9, 2015",T20I # 460,332.0
460,48,Sri Lanka,West Indies,West Indies,23 runs,Colombo (RPS),"Nov 11, 2015",T20I # 461,333.0
461,49,Bangladesh,Zimbabwe,Bangladesh,4 wickets,Dhaka,"Nov 13, 2015",T20I # 462,334.0
462,50,Bangladesh,Zimbabwe,Zimbabwe,3 wickets,Dhaka,"Nov 15, 2015",T20I # 463,335.0
463,51,Hong Kong,Oman,Oman,6 wickets,Abu Dhabi,"Nov 21, 2015",T20I # 464,336.0
464,52,U.A.E.,Oman,U.A.E.,7 wickets,Abu Dhabi,"Nov 22, 2015",T20I # 465,337.0
465,53,Hong Kong,Oman,Oman,4 runs,Abu Dhabi,"Nov 25, 2015",T20I # 466,338.0
466,54,Hong Kong,Oman,Hong Kong,8 wickets,Abu Dhabi,"Nov 26, 2015",T20I # 467,339.0
467,55,England,Pakistan,England,14 runs,Dubai (DSC),"Nov 26, 2015",T20I # 468,340.0
468,56,England,Pakistan,England,3 runs,Dubai (DSC),"Nov 27, 2015",T20I # 469,341.0
469,57,Afghanistan,Hong Kong,Hong Kong,4 wickets,Abu Dhabi,"Nov 28, 2015",T20I # 470,342.0
470,58,Afghanistan,Oman,Afghanistan,27 runs,Abu Dhabi,"Nov 29, 2015",T20I # 471,343.0
471,59,Afghanistan,Oman,Afghanistan,12 runs,Abu Dhabi,"Nov 30, 2015",T20I # 472,344.0
472,60,England,Pakistan,tied,,Sharjah,"Nov 30, 2015",T20I # 473,345.0
473,0,New Zealand,Sri Lanka,New Zealand,3 runs,Mount Maunganui,"Jan 7, 2016",T20I # 474,346.0
474,1,Afghanistan,Zimbabwe,Afghanistan,5 runs,Sharjah,"Jan 8, 2016",T20I # 475,347.0
475,2,New Zealand,Sri Lanka,New Zealand,9 wickets,Auckland,"Jan 10, 2016",T20I # 476,348.0
476,3,Afghanistan,Zimbabwe,Afghanistan,81 runs,Sharjah,"Jan 10, 2016",T20I # 477,349.0
477,4,New Zealand,Pakistan,Pakistan,16 runs,Auckland,"Jan 15, 2016",T20I # 478,350.0
478,5,Bangladesh,Zimbabwe,Bangladesh,4 wickets,Khulna,"Jan 15, 2016",T20I # 479,351.0
479,6,New Zealand,Pakistan,New Zealand,10 wickets,Hamilton,"Jan 17, 2016",T20I # 480,352.0
480,7,Bangladesh,Zimbabwe,Bangladesh,42 runs,Khulna,"Jan 17, 2016",T20I # 481,353.0
481,8,Bangladesh,Zimbabwe,Zimbabwe,31 runs,Khulna,"Jan 20, 2016",T20I # 482,354.0
482,9,New Zealand,Pakistan,New Zealand,95 runs,Wellington,"Jan 22, 2016",T20I # 483,355.0
483,10,Bangladesh,Zimbabwe,Zimbabwe,18 runs,Khulna,"Jan 22, 2016",T20I # 484,356.0
484,11,Australia,India,India,37 runs,Adelaide,"Jan 26, 2016",T20I # 485,357.0
485,12,Australia,India,India,27 runs,Melbourne,"Jan 29, 2016",T20I # 486,358.0
486,13,Hong Kong,Scotland,Hong Kong,9 wickets,Mong Kok,"Jan 30, 2016",T20I # 487,359.0
487,14,Hong Kong,Scotland,Scotland,37 runs,Mong Kok,"Jan 31, 2016",T20I # 488,360.0
488,15,Australia,India,India,7 wickets,Sydney,"Jan 31, 2016",T20I # 489,361.0
489,16,U.A.E.,Netherlands,Netherlands,84 runs,ICCA Dubai,"Feb 3, 2016",T20I # 490,362.0
490,17,U.A.E.,Scotland,U.A.E.,9 runs,ICCA Dubai,"Feb 4, 2016",T20I # 491,363.0
491,18,Netherlands,Scotland,Scotland,37 runs,ICCA Dubai,"Feb 5, 2016",T20I # 492,364.0
492,19,Ireland,P.N.G.,Ireland,5 wickets,Townsville,"Feb 6, 2016",T20I # 493,365.0
493,20,Ireland,P.N.G.,Ireland,7 runs,Townsville,"Feb 7, 2016",T20I # 494,366.0
494,21,Ireland,P.N.G.,P.N.G.,11 runs,Townsville,"Feb 9, 2016",T20I # 495,367.0
495,22,India,Sri Lanka,Sri Lanka,5 wickets,Pune,"Feb 9, 2016",T20I # 496,368.0
496,23,India,Sri Lanka,India,69 runs,Ranchi,"Feb 12, 2016",T20I # 497,369.0
497,24,U.A.E.,Ireland,Ireland,34 runs,Abu Dhabi,"Feb 14, 2016",T20I # 498,370.0
498,25,India,Sri Lanka,India,9 wickets,Visakhapatnam,"Feb 14, 2016",T20I # 499,371.0
499,26,U.A.E.,Ireland,U.A.E.,5 runs,Abu Dhabi,"Feb 16, 2016",T20I # 500,372.0
500,27,Afghanistan,U.A.E.,U.A.E.,16 runs,Fatullah,"Feb 19, 2016",T20I # 501,373.0
501,28,Hong Kong,Oman,Oman,5 runs,Fatullah,"Feb 19, 2016",T20I # 502,374.0
502,29,South Africa,England,South Africa,3 wickets,Cape Town,"Feb 19, 2016",T20I # 503,375.0
503,30,Afghanistan,Oman,Afghanistan,3 wickets,Fatullah,"Feb 20, 2016",T20I # 504,376.0
504,31,Hong Kong,U.A.E.,U.A.E.,6 wickets,Fatullah,"Feb 21, 2016",T20I # 505,377.0
505,32,South Africa,England,South Africa,9 wickets,Johannesburg,"Feb 21, 2016",T20I # 506,378.0
506,33,Afghanistan,Hong Kong,Afghanistan,66 runs,Dhaka,"Feb 22, 2016",T20I # 507,379.0
507,34,Oman,U.A.E.,U.A.E.,71 runs,Dhaka,"Feb 22, 2016",T20I # 508,380.0
508,35,Bangladesh,India,India,45 runs,Dhaka,"Feb 24, 2016",T20I # 509,381.0
509,36,Sri Lanka,U.A.E.,Sri Lanka,14 runs,Dhaka,"Feb 25, 2016",T20I # 510,382.0
510,37,Bangladesh,U.A.E.,Bangladesh,51 runs,Dhaka,"Feb 26, 2016",T20I # 511,383.0
511,38,India,Pakistan,India,5 wickets,Dhaka,"Feb 27, 2016",T20I # 512,384.0
512,39,Bangladesh,Sri Lanka,Bangladesh,23 runs,Dhaka,"Feb 28, 2016",T20I # 513,385.0
513,40,Pakistan,U.A.E.,Pakistan,7 wickets,Dhaka,"Feb 29, 2016",T20I # 514,386.0
514,41,India,Sri Lanka,India,5 wickets,Dhaka,"Mar 1, 2016",T20I # 515,387.0
515,42,Bangladesh,Pakistan,Bangladesh,5 wickets,Dhaka,"Mar 2, 2016",T20I # 516,388.0
516,43,India,U.A.E.,India,9 wickets,Dhaka,"Mar 3, 2016",T20I # 517,389.0
517,44,Pakistan,Sri Lanka,Pakistan,6 wickets,Dhaka,"Mar 4, 2016",T20I # 518,390.0
518,45,South Africa,Australia,South Africa,3 wickets,Durban,"Mar 4, 2016",T20I # 519,391.0
519,46,South Africa,Australia,Australia,5 wickets,Johannesburg,"Mar 6, 2016",T20I # 520,392.0
520,47,Bangladesh,India,India,8 wickets,Dhaka,"Mar 6, 2016",T20I # 521,393.0
521,48,Hong Kong,Zimbabwe,Zimbabwe,14 runs,Nagpur,"Mar 8, 2016",T20I # 522,394.0
522,49,Afghanistan,Scotland,Afghanistan,14 runs,Nagpur,"Mar 8, 2016",T20I # 523,395.0
523,50,Bangladesh,Netherlands,Bangladesh,8 runs,Dharamsala,"Mar 9, 2016",T20I # 524,396.0
524,51,Ireland,Oman,Oman,2 wickets,Dharamsala,"Mar 9, 2016",T20I # 525,397.0
525,52,South Africa,Australia,Australia,6 wickets,Cape Town,"Mar 9, 2016",T20I # 526,398.0
526,53,Scotland,Zimbabwe,Zimbabwe,11 runs,Nagpur,"Mar 10, 2016",T20I # 527,399.0
527,54,Afghanistan,Hong Kong,Afghanistan,6 wickets,Nagpur,"Mar 10, 2016",T20I # 528,400.0
528,55,Netherlands,Oman,no result,,Dharamsala,"Mar 11, 2016",T20I # 529,401.0
529,56,Bangladesh,Ireland,no result,,Dharamsala,"Mar 11, 2016",T20I # 530,402.0
530,57,Afghanistan,Zimbabwe,Afghanistan,59 runs,Nagpur,"Mar 12, 2016",T20I # 531,403.0
531,58,Hong Kong,Scotland,Scotland,8 wickets,Nagpur,"Mar 12, 2016",T20I # 532,404.0
532,59,Ireland,Netherlands,Netherlands,12 runs,Dharamsala,"Mar 13, 2016",T20I # 533,405.0
533,60,Bangladesh,Oman,Bangladesh,54 runs,Dharamsala,"Mar 13, 2016",T20I # 534,406.0
534,61,India,New Zealand,New Zealand,47 runs,Nagpur,"Mar 15, 2016",T20I # 535,407.0
535,62,Bangladesh,Pakistan,Pakistan,55 runs,Kolkata,"Mar 16, 2016",T20I # 536,408.0
536,63,England,West Indies,West Indies,6 wickets,Mumbai,"Mar 16, 2016",T20I # 537,409.0
537,64,Afghanistan,Sri Lanka,Sri Lanka,6 wickets,Kolkata,"Mar 17, 2016",T20I # 538,410.0
538,65,Australia,New Zealand,New Zealand,8 runs,Dharamsala,"Mar 18, 2016",T20I # 539,411.0
539,66,England,South Africa,England,2 wickets,Mumbai,"Mar 18, 2016",T20I # 540,412.0
540,67,India,Pakistan,India,6 wickets,Kolkata,"Mar 19, 2016",T20I # 541,413.0
541,68,Afghanistan,South Africa,South Africa,37 runs,Mumbai,"Mar 20, 2016",T20I # 542,414.0
542,69,Sri Lanka,West Indies,West Indies,7 wickets,Bengaluru,"Mar 20, 2016",T20I # 543,415.0
543,70,Australia,Bangladesh,Australia,3 wickets,Bengaluru,"Mar 21, 2016",T20I # 544,416.0
544,71,New Zealand,Pakistan,New Zealand,22 runs,Mohali,"Mar 22, 2016",T20I # 545,417.0
545,72,Afghanistan,England,England,15 runs,Delhi,"Mar 23, 2016",T20I # 546,418.0
546,73,India,Bangladesh,India,1 run,Bengaluru,"Mar 23, 2016",T20I # 547,419.0
547,74,Australia,Pakistan,Australia,21 runs,Mohali,"Mar 25, 2016",T20I # 548,420.0
548,75,South Africa,West Indies,West Indies,3 wickets,Nagpur,"Mar 25, 2016",T20I # 549,421.0
549,76,Bangladesh,New Zealand,New Zealand,75 runs,Kolkata,"Mar 26, 2016",T20I # 550,422.0
550,77,England,Sri Lanka,England,10 runs,Delhi,"Mar 26, 2016",T20I # 551,423.0
551,78,Afghanistan,West Indies,Afghanistan,6 runs,Nagpur,"Mar 27, 2016",T20I # 552,424.0
552,79,India,Australia,India,6 wickets,Mohali,"Mar 27, 2016",T20I # 553,425.0
553,80,South Africa,Sri Lanka,South Africa,8 wickets,Delhi,"Mar 28, 2016",T20I # 554,426.0
554,81,England,New Zealand,England,7 wickets,Delhi,"Mar 30, 2016",T20I # 555,427.0
555,82,India,West Indies,West Indies,7 wickets,Mumbai,"Mar 31, 2016",T20I # 556,428.0
556,83,England,West Indies,West Indies,4 wickets,Kolkata,"Apr 3, 2016",T20I # 557,429.0
557,84,Zimbabwe,India,Zimbabwe,2 runs,Harare,"Jun 18, 2016",T20I # 558,430.0
558,85,Zimbabwe,India,India,10 wickets,Harare,"Jun 20, 2016",T20I # 559,431.0
559,86,Zimbabwe,India,India,3 runs,Harare,"Jun 22, 2016",T20I # 560,432.0
560,87,England,Sri Lanka,England,8 wickets,Southampton,"Jul 5, 2016",T20I # 561,433.0
561,88,India,West Indies,West Indies,1 run,Lauderhill,"Aug 27, 2016",T20I # 562,434.0
562,89,India,West Indies,no result,,Lauderhill,"Aug 28, 2016",T20I # 563,435.0
563,90,Ireland,Hong Kong,Hong Kong,40 runs,Bready,"Sep 5, 2016",T20I # 564,436.0
564,91,Sri Lanka,Australia,Australia,85 runs,Pallekele,"Sep 6, 2016",T20I # 565,437.0
565,92,England,Pakistan,Pakistan,9 wickets,Manchester,"Sep 7, 2016",T20I # 566,438.0
566,93,Sri Lanka,Australia,Australia,4 wickets,Colombo (RPS),"Sep 9, 2016",T20I # 567,439.0
567,94,Pakistan,West Indies,Pakistan,9 wickets,Dubai (DSC),"Sep 23, 2016",T20I # 568,440.0
568,95,Pakistan,West Indies,Pakistan,16 runs,Dubai (DSC),"Sep 24, 2016",T20I # 569,441.0
569,96,Pakistan,West Indies,Pakistan,8 wickets,Abu Dhabi,"Sep 27, 2016",T20I # 570,442.0
570,97,U.A.E.,Afghanistan,Afghanistan,11 runs,ICCA Dubai,"Dec 14, 2016",T20I # 571,443.0
571,98,U.A.E.,Afghanistan,Afghanistan,5 wickets,Dubai (DSC),"Dec 16, 2016",T20I # 572,444.0
572,99,U.A.E.,Afghanistan,Afghanistan,44 runs,ICCA Dubai,"Dec 18, 2016",T20I # 573,445.0
573,0,New Zealand,Bangladesh,New Zealand,6 wickets,Napier,"Jan 3, 2017",T20I # 574,446.0
574,1,New Zealand,Bangladesh,New Zealand,47 runs,Mount Maunganui,"Jan 6, 2017",T20I # 575,447.0
575,2,New Zealand,Bangladesh,New Zealand,27 runs,Mount Maunganui,"Jan 8, 2017",T20I # 576,448.0
576,3,Hong Kong,Scotland,Scotland,24 runs,Abu Dhabi,"Jan 14, 2017",T20I # 577,449.0
577,4,Afghanistan,Ireland,Afghanistan,5 wickets,Abu Dhabi,"Jan 14, 2017",T20I # 578,450.0
578,5,Netherlands,Oman,Netherlands,5 wickets,Abu Dhabi,"Jan 15, 2017",T20I # 579,451.0
579,6,Hong Kong,Oman,Oman,7 wickets,Abu Dhabi,"Jan 16, 2017",T20I # 580,452.0
580,7,U.A.E.,Afghanistan,Afghanistan,5 wickets,Abu Dhabi,"Jan 16, 2017",T20I # 581,453.0
581,8,Netherlands,Scotland,Scotland,7 runs,Abu Dhabi,"Jan 17, 2017",T20I # 582,454.0
582,9,U.A.E.,Ireland,Ireland,24 runs,Dubai (DSC),"Jan 18, 2017",T20I # 583,455.0
583,10,Hong Kong,Netherlands,Hong Kong,91 runs,Dubai (DSC),"Jan 18, 2017",T20I # 584,456.0
584,11,Oman,Scotland,Scotland,7 wickets,Dubai (DSC),"Jan 19, 2017",T20I # 585,457.0
585,12,Afghanistan,Oman,Afghanistan,8 wickets,Dubai (DSC),"Jan 20, 2017",T20I # 586,458.0
586,13,Ireland,Scotland,Ireland,98 runs,Dubai (DSC),"Jan 20, 2017",T20I # 587,459.0
587,14,Afghanistan,Ireland,Afghanistan,10 wickets,Dubai (DSC),"Jan 20, 2017",T20I # 588,460.0
588,15,South Africa,Sri Lanka,South Africa,19 runs,Centurion,"Jan 20, 2017",T20I # 589,461.0
589,16,South Africa,Sri Lanka,Sri Lanka,3 wickets,Johannesburg,"Jan 22, 2017",T20I # 590,462.0
590,17,South Africa,Sri Lanka,Sri Lanka,5 wickets,Cape Town,"Jan 25, 2017",T20I # 591,463.0
591,18,India,England,England,7 wickets,Kanpur,"Jan 26, 2017",T20I # 592,464.0
592,19,India,England,India,5 runs,Nagpur,"Jan 29, 2017",T20I # 593,465.0
593,20,India,England,India,75 runs,Bengaluru,"Feb 1, 2017",T20I # 594,466.0
594,21,New Zealand,South Africa,South Africa,78 runs,Auckland,"Feb 17, 2017",T20I # 595,467.0
595,22,Australia,Sri Lanka,Sri Lanka,5 wickets,Melbourne,"Feb 17, 2017",T20I # 596,468.0
596,23,Australia,Sri Lanka,Sri Lanka,2 wickets,Geelong,"Feb 19, 2017",T20I # 597,469.0
597,24,Australia,Sri Lanka,Australia,41 runs,Adelaide,"Feb 22, 2017",T20I # 598,470.0
598,25,Afghanistan,Ireland,Afghanistan,6 wickets,Greater Noida,"Mar 8, 2017",T20I # 599,471.0
599,26,Afghanistan,Ireland,Afghanistan,17 runs,Greater Noida,"Mar 10, 2017",T20I # 600,472.0
600,27,Afghanistan,Ireland,Afghanistan,28 runs,Greater Noida,"Mar 12, 2017",T20I # 601,473.0
601,28,West Indies,Pakistan,Pakistan,6 wickets,Bridgetown,"Mar 26, 2017",T20I # 602,474.0
602,29,West Indies,Pakistan,Pakistan,3 runs,Port of Spain,"Mar 30, 2017",T20I # 603,475.0
603,30,West Indies,Pakistan,West Indies,7 wickets,Port of Spain,"Apr 1, 2017",T20I # 604,476.0
604,31,West Indies,Pakistan,Pakistan,7 wickets,Port of Spain,"Apr 2, 2017",T20I # 605,477.0
605,32,Sri Lanka,Bangladesh,Sri Lanka,6 wickets,Colombo (RPS),"Apr 4, 2017",T20I # 606,478.0
606,33,Sri Lanka,Bangladesh,Bangladesh,45 runs,Colombo (RPS),"Apr 6, 2017",T20I # 607,479.0
607,34,U.A.E.,P.N.G.,U.A.E.,5 wickets,Abu Dhabi,"Apr 12, 2017",T20I # 608,480.0
608,35,U.A.E.,P.N.G.,U.A.E.,30 runs,Abu Dhabi,"Apr 14, 2017",T20I # 609,481.0
609,36,U.A.E.,P.N.G.,U.A.E.,5 wickets,Abu Dhabi,"Apr 14, 2017",T20I # 610,482.0
610,37,West Indies,Afghanistan,West Indies,6 wickets,Basseterre,"Jun 2, 2017",T20I # 611,483.0
611,38,West Indies,Afghanistan,West Indies,29 runs,Basseterre,"Jun 3, 2017",T20I # 612,484.0
612,39,West Indies,Afghanistan,West Indies,7 wickets,Basseterre,"Jun 5, 2017",T20I # 613,485.0
613,40,England,South Africa,England,9 wickets,Southampton,"Jun 21, 2017",T20I # 614,486.0
614,41,England,South Africa,South Africa,3 runs,Taunton,"Jun 23, 2017",T20I # 615,487.0
615,42,England,South Africa,England,19 runs,Cardiff,"Jun 25, 2017",T20I # 616,488.0
616,43,West Indies,India,West Indies,9 wickets,Kingston,"Jul 9, 2017",T20I # 617,489.0
617,44,Sri Lanka,India,India,7 wickets,Colombo (RPS),"Sep 6, 2017",T20I # 618,490.0
618,45,Pakistan,World-XI,Pakistan,20 runs,Lahore,"Sep 12, 2017",T20I # 619,491.0
619,46,Pakistan,World-XI,World-XI,7 wickets,Lahore,"Sep 13, 2017",T20I # 620,492.0
620,47,Pakistan,World-XI,Pakistan,33 runs,Lahore,"Sep 15, 2017",T20I # 621,493.0
621,48,England,West Indies,West Indies,21 runs,Chester-le-Street,"Sep 16, 2017",T20I # 622,494.0
622,49,India,Australia,India,9 wickets,Ranchi,"Oct 7, 2017",T20I # 623,495.0
623,50,India,Australia,Australia,8 wickets,Guwahati,"Oct 10, 2017",T20I # 624,496.0
624,51,Pakistan,Sri Lanka,Pakistan,7 wickets,Abu Dhabi,"Oct 26, 2017",T20I # 625,497.0
625,52,South Africa,Bangladesh,South Africa,20 runs,Bloemfontein,"Oct 26, 2017",T20I # 626,498.0
626,53,Pakistan,Sri Lanka,Pakistan,2 wickets,Abu Dhabi,"Oct 27, 2017",T20I # 627,499.0
627,54,South Africa,Bangladesh,South Africa,83 runs,Potchefstroom,"Oct 29, 2017",T20I # 628,500.0
628,55,Pakistan,Sri Lanka,Pakistan,36 runs,Lahore,"Oct 29, 2017",T20I # 629,501.0
629,56,India,New Zealand,India,53 runs,Delhi,"Nov 1, 2017",T20I # 630,502.0
630,57,India,New Zealand,New Zealand,40 runs,Rajkot,"Nov 4, 2017",T20I # 631,503.0
631,58,India,New Zealand,India,6 runs,Thiruvananthapuram,"Nov 7, 2017",T20I # 632,504.0
632,59,India,Sri Lanka,India,93 runs,Cuttack,"Dec 20, 2017",T20I # 633,505.0
633,60,India,Sri Lanka,India,88 runs,Indore,"Dec 22, 2017",T20I # 634,506.0
634,61,India,Sri Lanka,India,5 wickets,Mumbai,"Dec 24, 2017",T20I # 635,507.0
635,62,New Zealand,West Indies,New Zealand,47 runs,Nelson,"Dec 29, 2017",T20I # 636,508.0
636,0,New Zealand,West Indies,no result,,Mount Maunganui,"Jan 1, 2018",T20I # 637,509.0
637,1,New Zealand,West Indies,New Zealand,119 runs,Mount Maunganui,"Jan 3, 2018",T20I # 638,510.0
638,2,New Zealand,Pakistan,New Zealand,7 wickets,Wellington,"Jan 22, 2018",T20I # 639,511.0
639,3,New Zealand,Pakistan,Pakistan,48 runs,Auckland,"Jan 25, 2018",T20I # 640,512.0
640,4,New Zealand,Pakistan,Pakistan,18 runs,Mount Maunganui,"Jan 28, 2018",T20I # 641,513.0
641,5,Australia,New Zealand,Australia,7 wickets,Sydney,"Feb 3, 2018",T20I # 642,514.0
642,6,Afghanistan,Zimbabwe,Afghanistan,5 wickets,Sharjah,"Feb 5, 2018",T20I # 643,515.0
643,7,Afghanistan,Zimbabwe,Afghanistan,17 runs,Sharjah,"Feb 6, 2018",T20I # 644,516.0
644,8,Australia,England,Australia,5 wickets,Hobart,"Feb 7, 2018",T20I # 645,517.0
645,9,Australia,England,Australia,7 wickets,Melbourne,"Feb 10, 2018",T20I # 646,518.0
646,10,New Zealand,England,New Zealand,12 runs,Wellington,"Feb 13, 2018",T20I # 647,519.0
647,11,Bangladesh,Sri Lanka,Sri Lanka,6 wickets,Dhaka,"Feb 15, 2018",T20I # 648,520.0
648,12,New Zealand,Australia,Australia,5 wickets,Auckland,"Feb 16, 2018",T20I # 649,521.0
649,13,New Zealand,England,England,2 runs,Hamilton,"Feb 18, 2018",T20I # 650,522.0
650,14,Bangladesh,Sri Lanka,Sri Lanka,75 runs,Sylhet,"Feb 18, 2018",T20I # 651,523.0
651,15,South Africa,India,India,28 runs,Johannesburg,"Feb 18, 2018",T20I # 652,524.0
652,16,New Zealand,Australia,Australia,19 runs,Auckland,"Feb 21, 2018",T20I # 653,525.0
653,17,South Africa,India,South Africa,6 wickets,Centurion,"Feb 21, 2018",T20I # 654,526.0
654,18,South Africa,India,India,7 runs,Cape Town,"Feb 24, 2018",T20I # 655,527.0
655,19,Sri Lanka,India,Sri Lanka,5 wickets,Colombo (RPS),"Mar 6, 2018",T20I # 656,528.0
656,20,Bangladesh,India,India,6 wickets,Colombo (RPS),"Mar 8, 2018",T20I # 657,529.0
657,21,Sri Lanka,Bangladesh,Bangladesh,5 wickets,Colombo (RPS),"Mar 10, 2018",T20I # 658,530.0
658,22,Sri Lanka,India,India,6 wickets,Colombo (RPS),"Mar 12, 2018",T20I # 659,531.0
659,23,Bangladesh,India,India,17 runs,Colombo (RPS),"Mar 14, 2018",T20I # 660,532.0
660,24,Sri Lanka,Bangladesh,Bangladesh,2 wickets,Colombo (RPS),"Mar 16, 2018",T20I # 661,533.0
661,25,Bangladesh,India,India,4 wickets,Colombo (RPS),"Mar 18, 2018",T20I # 662,534.0
662,26,Pakistan,West Indies,Pakistan,143 runs,Karachi,"Apr 1, 2018",T20I # 663,535.0
663,27,Pakistan,West Indies,Pakistan,82 runs,Karachi,"Apr 2, 2018",T20I # 664,536.0
664,28,Pakistan,West Indies,Pakistan,8 wickets,Karachi,"Apr 3, 2018",T20I # 665,537.0
665,29,ICC World XI,West Indies,West Indies,72 runs,Lord's,"May 31, 2018",T20I # 666,538.0
666,30,Afghanistan,Bangladesh,Afghanistan,45 runs,Dehradun,"Jun 3, 2018",T20I # 667,539.0
667,31,Afghanistan,Bangladesh,Afghanistan,6 wickets,Dehradun,"Jun 5, 2018",T20I # 668,540.0
668,32,Afghanistan,Bangladesh,Afghanistan,1 run,Dehradun,"Jun 7, 2018",T20I # 669,541.0
669,33,Netherlands,Ireland,Netherlands,4 runs,Rotterdam,"Jun 12, 2018",T20I # 670,542.0
670,34,Scotland,Pakistan,Pakistan,48 runs,Edinburgh,"Jun 12, 2018",T20I # 671,543.0
671,35,Netherlands,Ireland,Netherlands,4 wickets,Rotterdam,"Jun 13, 2018",T20I # 672,544.0
672,36,Scotland,Pakistan,Pakistan,84 runs,Edinburgh,"Jun 13, 2018",T20I # 673,545.0
673,37,Ireland,Scotland,Ireland,46 runs,Deventer,"Jun 16, 2018",T20I # 674,546.0
674,38,Ireland,Scotland,tied,,Deventer,"Jun 17, 2018",T20I # 675,547.0
675,39,Netherlands,Scotland,Scotland,7 wickets,Amstelveen,"Jun 19, 2018",T20I # 676,548.0
676,40,Netherlands,Scotland,Scotland,115 runs,Amstelveen,"Jun 20, 2018",T20I # 677,549.0
677,41,Ireland,India,India,76 runs,Dublin (Malahide),"Jun 27, 2018",T20I # 678,550.0
678,42,England,Australia,England,28 runs,Birmingham,"Jun 27, 2018",T20I # 679,551.0
679,43,Ireland,India,India,143 runs,Dublin (Malahide),"Jun 29, 2018",T20I # 680,552.0
680,44,Zimbabwe,Pakistan,Pakistan,74 runs,Harare,"Jul 1, 2018",T20I # 681,553.0
681,45,Australia,Pakistan,Australia,9 wickets,Harare,"Jul 2, 2018",T20I # 682,554.0
682,46,Zimbabwe,Australia,Australia,100 runs,Harare,"Jul 3, 2018",T20I # 683,555.0
683,47,England,India,India,8 wickets,Manchester,"Jul 3, 2018",T20I # 684,556.0
684,48,Zimbabwe,Pakistan,Pakistan,7 wickets,Harare,"Jul 4, 2018",T20I # 685,557.0
685,49,Australia,Pakistan,Pakistan,45 runs,Harare,"Jul 5, 2018",T20I # 686,558.0
686,50,Zimbabwe,Australia,Australia,5 wickets,Harare,"Jul 6, 2018",T20I # 687,559.0
687,51,England,India,England,5 wickets,Cardiff,"Jul 6, 2018",T20I # 688,560.0
688,52,Australia,Pakistan,Pakistan,6 wickets,Harare,"Jul 8, 2018",T20I # 689,561.0
689,53,England,India,India,7 wickets,Bristol,"Jul 8, 2018",T20I # 690,562.0
690,54,Nepal,Netherlands,no result,,Lord's,"Jul 29, 2018",T20I # 691,563.0
691,55,West Indies,Bangladesh,West Indies,7 wickets,Basseterre,"Jul 31, 2018",T20I # 692,564.0
692,56,Bangladesh,West Indies,Bangladesh,12 runs,Lauderhill,"Aug 4, 2018",T20I # 693,565.0
693,57,Bangladesh,West Indies,Bangladesh,19 runs,Lauderhill,"Aug 5, 2018",T20I # 694,566.0
694,58,Sri Lanka,South Africa,Sri Lanka,3 wickets,Colombo (RPS),"Aug 14, 2018",T20I # 695,567.0
695,59,Ireland,Afghanistan,Afghanistan,16 runs,Bready,"Aug 20, 2018",T20I # 696,568.0
696,60,Ireland,Afghanistan,Afghanistan,81 runs,Bready,"Aug 22, 2018",T20I # 697,569.0
697,61,South Africa,Zimbabwe,South Africa,34 runs,East London,"Oct 9, 2018",T20I # 698,570.0
698,62,South Africa,Zimbabwe,South Africa,6 wickets,Potchefstroom,"Oct 12, 2018",T20I # 699,571.0
699,63,U.A.E.,Australia,Australia,7 wickets,Abu Dhabi,"Oct 22, 2018",T20I # 700,572.0
700,64,Australia,Pakistan,Pakistan,66 runs,Abu Dhabi,"Oct 24, 2018",T20I # 701,573.0
701,65,Australia,Pakistan,Pakistan,11 runs,Dubai (DSC),"Oct 26, 2018",T20I # 702,574.0
702,66,Sri Lanka,England,England,30 runs,Colombo (RPS),"Oct 27, 2018",T20I # 703,575.0
703,67,Australia,Pakistan,Pakistan,33 runs,Dubai (DSC),"Oct 28, 2018",T20I # 704,576.0
704,68,New Zealand,Pakistan,Pakistan,2 runs,Abu Dhabi,"Oct 31, 2018",T20I # 705,577.0
705,69,New Zealand,Pakistan,Pakistan,6 wickets,Dubai (DSC),"Nov 2, 2018",T20I # 706,578.0
706,70,India,West Indies,India,5 wickets,Kolkata,"Nov 4, 2018",T20I # 707,579.0
707,71,New Zealand,Pakistan,Pakistan,47 runs,Dubai (DSC),"Nov 4, 2018",T20I # 708,580.0
708,72,India,West Indies,India,71 runs,Lucknow,"Nov 6, 2018",T20I # 709,581.0
709,73,India,West Indies,India,6 wickets,Chennai,"Nov 11, 2018",T20I # 710,582.0
710,74,Australia,South Africa,South Africa,21 runs,Carrara,"Nov 17, 2018",T20I # 711,583.0
711,75,Australia,India,Australia,4 runs,Brisbane,"Nov 21, 2018",T20I # 712,584.0
712,76,Australia,India,no result,,Melbourne,"Nov 23, 2018",T20I # 713,585.0
713,77,Australia,India,India,6 wickets,Sydney,"Nov 25, 2018",T20I # 714,586.0
714,78,Bangladesh,West Indies,West Indies,8 wickets,Sylhet,"Dec 17, 2018",T20I # 715,587.0
715,79,Bangladesh,West Indies,Bangladesh,36 runs,Dhaka,"Dec 20, 2018",T20I # 716,588.0
716,80,Bangladesh,West Indies,West Indies,50 runs,Dhaka,"Dec 22, 2018",T20I # 717,589.0
717,0,New Zealand,Sri Lanka,New Zealand,35 runs,Auckland,"Jan 11, 2019",T20I # 718,590.0
718,1,Bahrain,Saudi Arabia,Bahrain,41 runs,Al Amerat,"Jan 20, 2019",T20I # 719,591.0
719,2,Kuwait,Maldives,Kuwait,8 wickets,Al Amerat,"Jan 20, 2019",T20I # 720,592.0
720,3,Bahrain,Maldives,Bahrain,2 wickets,Al Amerat,"Jan 21, 2019",T20I # 721,593.0
721,4,Qatar,Saudi Arabia,Qatar,4 wickets,Al Amerat,"Jan 21, 2019",T20I # 722,594.0
722,5,Kuwait,Qatar,tied,,Al Amerat,"Jan 22, 2019",T20I # 723,595.0
723,6,Maldives,Saudi Arabia,Saudi Arabia,6 wickets,Al Amerat,"Jan 22, 2019",T20I # 724,596.0
724,7,Maldives,Qatar,Qatar,8 wickets,Al Amerat,"Jan 23, 2019",T20I # 725,597.0
725,8,Bahrain,Kuwait,Kuwait,7 wickets,Al Amerat,"Jan 23, 2019",T20I # 726,598.0
726,9,Kuwait,Saudi Arabia,Saudi Arabia,7 wickets,Al Amerat,"Jan 24, 2019",T20I # 727,599.0
727,10,Bahrain,Qatar,Qatar,48 runs,Al Amerat,"Jan 24, 2019",T20I # 728,600.0
728,11,Qatar,Saudi Arabia,Saudi Arabia,8 wickets,Al Amerat,"Jan 24, 2019",T20I # 729,601.0
729,12,U.A.E.,Nepal,U.A.E.,21 runs,ICCA Dubai,"Jan 31, 2019",T20I # 730,602.0
730,13,U.A.E.,Nepal,Nepal,4 wickets,ICCA Dubai,"Feb 1, 2019",T20I # 731,603.0
731,14,South Africa,Pakistan,South Africa,6 runs,Cape Town,"Feb 1, 2019",T20I # 732,604.0
732,15,U.A.E.,Nepal,Nepal,14 runs,ICCA Dubai,"Feb 3, 2019",T20I # 733,605.0
733,16,South Africa,Pakistan,South Africa,7 runs,Johannesburg,"Feb 3, 2019",T20I # 734,606.0
734,17,New Zealand,India,New Zealand,80 runs,Wellington,"Feb 6, 2019",T20I # 735,607.0
735,18,South Africa,Pakistan,Pakistan,27 runs,Centurion,"Feb 6, 2019",T20I # 736,608.0
736,19,New Zealand,India,India,7 wickets,Auckland,"Feb 8, 2019",T20I # 737,609.0
737,20,New Zealand,India,New Zealand,4 runs,Hamilton,"Feb 10, 2019",T20I # 738,610.0
738,21,Netherlands,Scotland,Netherlands,7 wickets,Al Amerat,"Feb 13, 2019",T20I # 739,611.0
739,22,Oman,Ireland,Ireland,15 runs,Al Amerat,"Feb 13, 2019",T20I # 740,612.0
740,23,Oman,Netherlands,Netherlands,8 wickets,Al Amerat,"Feb 15, 2019",T20I # 741,613.0
741,24,Ireland,Scotland,Scotland,6 wickets,Al Amerat,"Feb 15, 2019",T20I # 742,614.0
742,25,Ireland,Netherlands,Ireland,1 wicket,Al Amerat,"Feb 17, 2019",T20I # 743,615.0
743,26,Oman,Scotland,Scotland,7 wickets,Al Amerat,"Feb 17, 2019",T20I # 744,616.0
744,27,Afghanistan,Ireland,Afghanistan,5 wickets,Dehradun,"Feb 21, 2019",T20I # 745,617.0
745,28,Afghanistan,Ireland,Afghanistan,84 runs,Dehradun,"Feb 23, 2019",T20I # 746,618.0
746,29,Afghanistan,Ireland,Afghanistan,32 runs,Dehradun,"Feb 24, 2019",T20I # 747,619.0
747,30,India,Australia,Australia,3 wickets,Visakhapatnam,"Feb 24, 2019",T20I # 748,620.0
748,31,India,Australia,Australia,7 wickets,Bengaluru,"Feb 27, 2019",T20I # 749,621.0
749,32,West Indies,England,England,4 wickets,Gros Islet,"Mar 5, 2019",T20I # 750,622.0
750,33,West Indies,England,England,137 runs,Basseterre,"Mar 8, 2019",T20I # 751,623.0
751,34,West Indies,England,England,8 wickets,Basseterre,"Mar 10, 2019",T20I # 752,624.0
752,35,U.A.E.,U.S.A.,no result,,ICCA Dubai,"Mar 15, 2019",T20I # 753,625.0
753,36,U.A.E.,U.S.A.,U.A.E.,24 runs,ICCA Dubai,"Mar 16, 2019",T20I # 754,626.0
754,37,South Africa,Sri Lanka,tied,,Cape Town,"Mar 19, 2019",T20I # 755,627.0
755,38,P.N.G.,Philippines,P.N.G.,133 runs,Port Moresby,"Mar 22, 2019",T20I # 756,628.0
756,39,P.N.G.,Vanuatu,P.N.G.,8 wickets,Port Moresby,"Mar 22, 2019",T20I # 757,629.0
757,40,South Africa,Sri Lanka,South Africa,16 runs,Centurion,"Mar 22, 2019",T20I # 758,630.0
758,41,Philippines,Vanuatu,Vanuatu,63 runs,Port Moresby,"Mar 23, 2019",T20I # 759,631.0
759,42,P.N.G.,Philippines,no result,,Port Moresby,"Mar 23, 2019",T20I # 760,632.0
760,43,Philippines,Vanuatu,Philippines,10 runs,Port Moresby,"Mar 24, 2019",T20I # 761,633.0
761,44,P.N.G.,Vanuatu,P.N.G.,10 wickets,Port Moresby,"Mar 24, 2019",T20I # 762,634.0
762,45,South Africa,Sri Lanka,South Africa,45 runs,Johannesburg,"Mar 24, 2019",T20I # 763,635.0
763,46,Spain,Malta,Spain,7 wickets,Cartagena,"Mar 29, 2019",T20I # 764,636.0
764,47,Spain,Malta,Spain,109 runs,Cartagena,"Mar 30, 2019",T20I # 765,637.0
765,48,Mexico,Belize,Belize,4 wickets,Naucalpan,"Apr 25, 2019",T20I # 766,638.0
766,49,Costa Rica,Panama,Panama,7 wickets,Naucalpan,"Apr 25, 2019",T20I # 767,639.0
767,50,Mexico,Costa Rica,Mexico,3 wickets,Naucalpan,"Apr 26, 2019",T20I # 768,640.0
768,51,Belize,Panama,Belize,9 runs,Naucalpan,"Apr 26, 2019",T20I # 769,641.0
769,52,Belize,Costa Rica,Belize,5 wickets,Naucalpan,"Apr 27, 2019",T20I # 771,642.0
770,53,Mexico,Panama,Panama,33 runs,Naucalpan,"Apr 27, 2019",T20I # 770,643.0
771,54,England,Pakistan,England,7 wickets,Cardiff,"May 5, 2019",T20I # 772,644.0
772,55,Belgium,Germany,Germany,9 runs,Waterloo,"May 11, 2019",T20I # 773,645.0
773,56,Belgium,Germany,Germany,62 runs,Waterloo,"May 11, 2019",T20I # 774,646.0
774,57,Belgium,Germany,Germany,6 wickets,Waterloo,"May 12, 2019",T20I # 775,647.0
775,58,Kenya,Nigeria,Kenya,8 wickets,Kampala,"May 20, 2019",T20I # 776,648.0
776,59,Ghana,Namibia,Namibia,9 wickets,Kampala,"May 20, 2019",T20I # 777,649.0
777,60,Uganda,Botswana,Uganda,52 runs,Kampala,"May 20, 2019",T20I # 778,650.0
778,61,Uganda,Namibia,Namibia,42 runs,Kampala,"May 21, 2019",T20I # 779,651.0
779,62,Botswana,Nigeria,Nigeria,11 runs,Kampala,"May 21, 2019",T20I # 780,652.0
780,63,Ghana,Kenya,Kenya,53 runs,Kampala,"May 21, 2019",T20I # 781,653.0
781,64,Ghana,Nigeria,Nigeria,28 runs,Kampala,"May 22, 2019",T20I # 782,654.0
782,65,Botswana,Namibia,Namibia,10 wickets,Kampala,"May 22, 2019",T20I # 783,655.0
783,66,Uganda,Kenya,Kenya,1 run,Kampala,"May 22, 2019",T20I # 784,656.0
784,67,Uganda,Ghana,Uganda,7 wickets,Kampala,"May 23, 2019",T20I # 785,657.0
785,68,Germany,Italy,Italy,7 wickets,Utrecht,"May 25, 2019",T20I # 786,658.0
786,69,Germany,Italy,Italy,6 wickets,Utrecht,"May 25, 2019",T20I # 787,659.0
787,70,Guernsey,Jersey,tied,,St Peter Port,"May 31, 2019",T20I # 788,660.0
788,71,Guernsey,Jersey,Jersey,41 runs,Castel,"Jun 1, 2019",T20I # 789,661.0
789,72,Guernsey,Jersey,Jersey,76 runs,Castel,"Jun 1, 2019",T20I # 790,662.0
790,73,Guernsey,Jersey,Jersey,8 wickets,Castel,"Jun 15, 2019",T20I # 791,663.0
791,74,Italy,Norway,Italy,20 runs,St Peter Port,"Jun 15, 2019",T20I # 792,664.0
792,75,Guernsey,Germany,Germany,5 wickets,Castel,"Jun 15, 2019",T20I # 793,665.0
793,76,Germany,Italy,Italy,5 wickets,St Peter Port,"Jun 16, 2019",T20I # 794,666.0
794,77,Denmark,Jersey,Jersey,18 runs,Castel,"Jun 16, 2019",T20I # 795,667.0
795,78,Guernsey,Italy,Italy,11 runs,St Peter Port,"Jun 16, 2019",T20I # 796,668.0
796,79,Jersey,Norway,Jersey,80 runs,Castel,"Jun 16, 2019",T20I # 797,669.0
797,80,Denmark,Norway,Denmark,46 runs,Castel,"Jun 17, 2019",T20I # 798,670.0
798,81,Guernsey,Denmark,no result,,Castel,"Jun 18, 2019",T20I # 799,671.0
799,82,Denmark,Italy,no result,,Castel,"Jun 18, 2019",T20I # 800,672.0
800,83,Guernsey,Norway,Guernsey,4 wickets,Castel,"Jun 19, 2019",T20I # 801,673.0
801,84,Italy,Jersey,Jersey,73 runs,St Peter Port,"Jun 19, 2019",T20I # 802,674.0
802,85,Denmark,Germany,Germany,7 wickets,Castel,"Jun 19, 2019",T20I # 803,675.0
803,86,Guernsey,Denmark,Guernsey,6 runs,Castel,"Jun 20, 2019",T20I # 804,676.0
804,87,Germany,Norway,Germany,7 wickets,St Peter Port,"Jun 20, 2019",T20I # 805,677.0
805,88,Denmark,Italy,Denmark,30 runs,Castel,"Jun 20, 2019",T20I # 806,678.0
806,89,Germany,Jersey,Germany,3 wickets,St Peter Port,"Jun 20, 2019",T20I # 807,679.0
807,90,Netherlands,Zimbabwe,Netherlands,49 runs,Rotterdam,"Jun 23, 2019",T20I # 808,680.0
808,91,Malaysia,Thailand,Malaysia,5 wickets,Kuala Lumpur,"Jun 24, 2019",T20I # 809,681.0
809,92,Malaysia,Maldives,Malaysia,73 runs,Kuala Lumpur,"Jun 25, 2019",T20I # 810,682.0
810,93,Netherlands,Zimbabwe,tied,,Rotterdam,"Jun 25, 2019",T20I # 811,683.0
811,94,Maldives,Thailand,Maldives,2 wickets,Kuala Lumpur,"Jun 26, 2019",T20I # 812,684.0
812,95,Malaysia,Thailand,Malaysia,8 wickets,Kuala Lumpur,"Jun 27, 2019",T20I # 813,685.0
813,96,Malaysia,Maldives,no result,,Kuala Lumpur,"Jun 28, 2019",T20I # 814,686.0
814,97,Maldives,Thailand,Thailand,5 wickets,Kuala Lumpur,"Jun 29, 2019",T20I # 815,687.0
815,98,Qatar,Kuwait,Kuwait,7 wickets,Doha,"Jul 4, 2019",T20I # 816,688.0
816,99,Qatar,Kuwait,tied,,Doha,"Jul 5, 2019",T20I # 817,689.0
817,100,Qatar,Kuwait,Qatar,3 wickets,Doha,"Jul 6, 2019",T20I # 818,690.0
818,101,Samoa,P.N.G.,P.N.G.,9 wickets,Apia (No 1),"Jul 8, 2019",T20I # 819,691.0
819,102,P.N.G.,Vanuatu,P.N.G.,3 wickets,Apia (No 3),"Jul 9, 2019",T20I # 820,692.0
820,103,Samoa,Vanuatu,Samoa,2 wickets,Apia (No 1),"Jul 9, 2019",T20I # 821,693.0
821,104,Samoa,P.N.G.,P.N.G.,7 wickets,Apia (No 2),"Jul 10, 2019",T20I # 822,694.0
822,105,Samoa,Vanuatu,Vanuatu,32 runs,Apia (No 3),"Jul 12, 2019",T20I # 823,695.0
823,106,P.N.G.,Vanuatu,P.N.G.,59 runs,Apia (No 2),"Jul 12, 2019",T20I # 824,696.0
824,107,Ireland,Zimbabwe,Ireland,9 wickets,Bready,"Jul 12, 2019",T20I # 825,697.0
825,108,P.N.G.,Vanuatu,P.N.G.,32 runs,Apia (No 2),"Jul 13, 2019",T20I # 826,698.0
826,109,Malaysia,Nepal,Nepal,7 wickets,Kuala Lumpur,"Jul 13, 2019",T20I # 827,699.0
827,110,Denmark,Finland,Denmark,1 run,Brondby,"Jul 13, 2019",T20I # 828,700.0
828,111,Denmark,Finland,Denmark,38 runs,Brondby,"Jul 13, 2019",T20I # 829,701.0
829,112,Malaysia,Nepal,Nepal,6 runs,Kuala Lumpur,"Jul 14, 2019",T20I # 830,702.0
830,113,Ireland,Zimbabwe,Zimbabwe,8 wickets,Bready,"Jul 14, 2019",T20I # 831,703.0
