,level_0,index,Team1,Team2,Winner,Margin,Ground,Match_Date,Scorecard
0,0,0,Afghanistan,Ireland,Ireland,5 wickets,Colombo (PSS),"Feb 1, 2010",T20I # 128
1,1,1,Kenya,Scotland,Kenya,10 wickets,Nairobi (Gym),"Feb 1, 2010",T20I # 129
2,2,2,Canada,Ireland,Canada,4 runs,Colombo (SSC),"Feb 3, 2010",T20I # 130
3,3,3,New Zealand,Bangladesh,New Zealand,10 wickets,Hamilton,"Feb 3, 2010",T20I # 131
4,4,4,Afghanistan,Canada,Afghanistan,5 wickets,Colombo (SSC),"Feb 4, 2010",T20I # 132
5,5,5,Kenya,Scotland,Kenya,10 wickets,Nairobi (Gym),"Feb 4, 2010",T20I # 133
6,6,6,Australia,Pakistan,Australia,2 runs,Melbourne,"Feb 5, 2010",T20I # 134
7,7,7,Afghanistan,Ireland,Afghanistan,13 runs,Dubai (DSC),"Feb 9, 2010",T20I # 135
8,8,8,Canada,Netherlands,Netherlands,6 wickets,Dubai (DSC),"Feb 9, 2010",T20I # 136
9,9,9,Afghanistan,Scotland,Afghanistan,14 runs,Abu Dhabi,"Feb 10, 2010",T20I # 137
10,10,10,Canada,Kenya,Kenya,9 wickets,Dubai (DSC),"Feb 10, 2010",T20I # 138
11,11,11,Kenya,Netherlands,Netherlands,7 wickets,Abu Dhabi,"Feb 11, 2010",T20I # 139
12,12,12,Ireland,Scotland,Ireland,37 runs,Dubai (DSC),"Feb 11, 2010",T20I # 140
13,13,13,Afghanistan,Netherlands,Netherlands,4 wickets,Dubai (DSC),"Feb 12, 2010",T20I # 141
14,14,14,Ireland,Netherlands,Ireland,65 runs,Dubai (DSC),"Feb 13, 2010",T20I # 142
15,15,15,Afghanistan,Ireland,Afghanistan,8 wickets,Dubai (DSC),"Feb 13, 2010",T20I # 143
16,16,16,England,Pakistan,England,7 wickets,Dubai (DSC),"Feb 19, 2010",T20I # 144
17,17,17,England,Pakistan,Pakistan,4 wickets,Dubai (DSC),"Feb 20, 2010",T20I # 145
18,18,18,Australia,West Indies,Australia,38 runs,Hobart,"Feb 21, 2010",T20I # 146
19,19,19,Australia,West Indies,Australia,8 wickets,Sydney,"Feb 23, 2010",T20I # 147
20,20,20,New Zealand,Australia,Australia,6 wickets,Wellington,"Feb 26, 2010",T20I # 148
21,21,21,New Zealand,Australia,tied,,Christchurch,"Feb 28, 2010",T20I # 149
22,22,22,West Indies,Zimbabwe,Zimbabwe,26 runs,Port of Spain,"Feb 28, 2010",T20I # 150
23,23,23,New Zealand,Sri Lanka,New Zealand,2 wickets,Providence,"Apr 30, 2010",T20I # 151
24,24,24,West Indies,Ireland,West Indies,70 runs,Providence,"Apr 30, 2010",T20I # 152
25,25,25,Afghanistan,India,India,7 wickets,Gros Islet,"May 1, 2010",T20I # 153
26,26,26,Bangladesh,Pakistan,Pakistan,21 runs,Gros Islet,"May 1, 2010",T20I # 154
27,27,27,India,South Africa,India,14 runs,Gros Islet,"May 2, 2010",T20I # 155
28,28,28,Australia,Pakistan,Australia,34 runs,Gros Islet,"May 2, 2010",T20I # 156
29,29,29,Sri Lanka,Zimbabwe,Sri Lanka,14 runs,Providence,"May 3, 2010",T20I # 157
30,30,30,West Indies,England,West Indies,8 wickets,Providence,"May 3, 2010",T20I # 158
31,31,31,New Zealand,Zimbabwe,New Zealand,7 runs,Providence,"May 4, 2010",T20I # 159
32,32,32,England,Ireland,no result,,Providence,"May 4, 2010",T20I # 160
33,33,33,Australia,Bangladesh,Australia,27 runs,Bridgetown,"May 5, 2010",T20I # 161
34,34,34,Afghanistan,South Africa,South Africa,59 runs,Bridgetown,"May 5, 2010",T20I # 162
35,35,35,England,Pakistan,England,6 wickets,Bridgetown,"May 6, 2010",T20I # 163
36,36,36,New Zealand,South Africa,South Africa,13 runs,Bridgetown,"May 6, 2010",T20I # 164
37,37,37,Australia,India,Australia,49 runs,Bridgetown,"May 7, 2010",T20I # 165
38,38,38,West Indies,Sri Lanka,Sri Lanka,57 runs,Bridgetown,"May 7, 2010",T20I # 166
39,39,39,New Zealand,Pakistan,New Zealand,1 run,Bridgetown,"May 8, 2010",T20I # 167
40,40,40,England,South Africa,England,39 runs,Bridgetown,"May 8, 2010",T20I # 168
41,41,41,West Indies,India,West Indies,14 runs,Bridgetown,"May 9, 2010",T20I # 169
42,42,42,Australia,Sri Lanka,Australia,81 runs,Bridgetown,"May 9, 2010",T20I # 170
43,43,43,Pakistan,South Africa,Pakistan,11 runs,Gros Islet,"May 10, 2010",T20I # 171
44,44,44,England,New Zealand,England,3 wickets,Gros Islet,"May 10, 2010",T20I # 172
45,45,45,India,Sri Lanka,Sri Lanka,5 wickets,Gros Islet,"May 11, 2010",T20I # 173
46,46,46,West Indies,Australia,Australia,6 wickets,Gros Islet,"May 11, 2010",T20I # 174
47,47,47,England,Sri Lanka,England,7 wickets,Gros Islet,"May 13, 2010",T20I # 175
48,48,48,Australia,Pakistan,Australia,3 wickets,Gros Islet,"May 14, 2010",T20I # 176
49,49,49,Australia,England,England,7 wickets,Bridgetown,"May 16, 2010",T20I # 177
50,50,50,West Indies,South Africa,South Africa,13 runs,North Sound,"May 19, 2010",T20I # 178
51,51,51,West Indies,South Africa,South Africa,1 run,North Sound,"May 20, 2010",T20I # 179
52,52,52,New Zealand,Sri Lanka,New Zealand,28 runs,Lauderhill,"May 22, 2010",T20I # 180
53,53,53,New Zealand,Sri Lanka,Sri Lanka,7 wickets,Lauderhill,"May 23, 2010",T20I # 181
54,54,54,Zimbabwe,India,India,6 wickets,Harare,"Jun 12, 2010",T20I # 182
55,55,55,Zimbabwe,India,India,7 wickets,Harare,"Jun 13, 2010",T20I # 183
56,56,56,Australia,Pakistan,Pakistan,23 runs,Birmingham,"Jul 5, 2010",T20I # 184
57,57,57,Australia,Pakistan,Pakistan,11 runs,Birmingham,"Jul 6, 2010",T20I # 185
58,58,58,England,Pakistan,England,5 wickets,Cardiff,"Sep 5, 2010",T20I # 186
59,59,59,England,Pakistan,England,6 wickets,Cardiff,"Sep 7, 2010",T20I # 187
60,60,60,South Africa,Zimbabwe,South Africa,7 wickets,Bloemfontein,"Oct 8, 2010",T20I # 188
61,61,61,South Africa,Zimbabwe,South Africa,8 runs,Kimberley,"Oct 10, 2010",T20I # 189
62,62,62,Pakistan,South Africa,South Africa,6 wickets,Abu Dhabi,"Oct 26, 2010",T20I # 190
63,63,63,Pakistan,South Africa,South Africa,6 wickets,Abu Dhabi,"Oct 27, 2010",T20I # 191
64,64,64,Australia,Sri Lanka,Sri Lanka,7 wickets,Perth,"Oct 31, 2010",T20I # 192
65,65,65,New Zealand,Pakistan,New Zealand,5 wickets,Auckland,"Dec 26, 2010",T20I # 193
66,66,66,New Zealand,Pakistan,New Zealand,39 runs,Hamilton,"Dec 28, 2010",T20I # 194
67,67,67,New Zealand,Pakistan,Pakistan,103 runs,Christchurch,"Dec 30, 2010",T20I # 195
68,68,0,South Africa,India,India,21 runs,Durban,"Jan 9, 2011",T20I # 196
69,69,1,Australia,England,England,1 wicket,Adelaide,"Jan 12, 2011",T20I # 197
70,70,2,Australia,England,Australia,4 runs,Melbourne,"Jan 14, 2011",T20I # 198
71,71,3,West Indies,Pakistan,West Indies,7 runs,Gros Islet,"Apr 21, 2011",T20I # 199
72,72,4,West Indies,India,India,16 runs,Port of Spain,"Jun 4, 2011",T20I # 200
73,73,5,England,Sri Lanka,Sri Lanka,9 wickets,Bristol,"Jun 25, 2011",T20I # 201
74,74,6,Sri Lanka,Australia,Sri Lanka,35 runs,Pallekele,"Aug 6, 2011",T20I # 202
75,75,7,Sri Lanka,Australia,Sri Lanka,8 runs,Pallekele,"Aug 8, 2011",T20I # 203
76,76,8,England,India,England,6 wickets,Manchester,"Aug 31, 2011",T20I # 204
77,77,9,Zimbabwe,Pakistan,Pakistan,85 runs,Harare,"Sep 16, 2011",T20I # 205
78,78,10,Zimbabwe,Pakistan,Pakistan,5 runs,Harare,"Sep 18, 2011",T20I # 206
79,79,11,England,West Indies,England,10 wickets,The Oval,"Sep 23, 2011",T20I # 207
80,80,12,England,West Indies,West Indies,25 runs,The Oval,"Sep 25, 2011",T20I # 208
81,81,13,Bangladesh,West Indies,Bangladesh,3 wickets,Dhaka,"Oct 11, 2011",T20I # 209
82,82,14,South Africa,Australia,Australia,5 wickets,Cape Town,"Oct 13, 2011",T20I # 210
83,83,15,Zimbabwe,New Zealand,New Zealand,10 wickets,Harare,"Oct 15, 2011",T20I # 211
84,84,16,South Africa,Australia,South Africa,3 wickets,Johannesburg,"Oct 16, 2011",T20I # 212
85,85,17,Zimbabwe,New Zealand,New Zealand,34 runs,Harare,"Oct 17, 2011",T20I # 213
86,86,18,India,England,England,6 wickets,Kolkata,"Oct 29, 2011",T20I # 214
87,87,19,Pakistan,Sri Lanka,Pakistan,5 wickets,Abu Dhabi,"Nov 25, 2011",T20I # 215
88,88,20,Bangladesh,Pakistan,Pakistan,50 runs,Dhaka,"Nov 29, 2011",T20I # 216
89,89,0,Australia,India,Australia,31 runs,Sydney,"Feb 1, 2012",T20I # 217
90,90,1,Australia,India,India,8 wickets,Melbourne,"Feb 3, 2012",T20I # 218
91,91,2,New Zealand,Zimbabwe,New Zealand,7 wickets,Auckland,"Feb 11, 2012",T20I # 219
92,92,3,New Zealand,Zimbabwe,New Zealand,5 wickets,Hamilton,"Feb 14, 2012",T20I # 220
93,93,4,New Zealand,South Africa,New Zealand,6 wickets,Wellington,"Feb 17, 2012",T20I # 221
94,94,5,New Zealand,South Africa,South Africa,8 wickets,Hamilton,"Feb 19, 2012",T20I # 222
95,95,6,New Zealand,South Africa,South Africa,3 runs,Auckland,"Feb 22, 2012",T20I # 223
96,96,7,Kenya,Ireland,Ireland,6 wickets,Mombasa,"Feb 22, 2012",T20I # 224
97,97,8,Kenya,Ireland,Ireland,8 wickets,Mombasa,"Feb 23, 2012",T20I # 225
98,98,9,England,Pakistan,Pakistan,8 runs,Dubai (DSC),"Feb 23, 2012",T20I # 226
99,99,10,Kenya,Ireland,Ireland,2 runs,Mombasa,"Feb 24, 2012",T20I # 227
100,100,11,England,Pakistan,England,38 runs,Dubai (DSC),"Feb 25, 2012",T20I # 228
101,101,12,England,Pakistan,England,5 runs,Abu Dhabi,"Feb 27, 2012",T20I # 229
102,102,13,Canada,Netherlands,Netherlands,42 runs,Dubai (DSC),"Mar 13, 2012",T20I # 230
103,103,14,Kenya,Scotland,Scotland,14 runs,ICCA Dubai,"Mar 13, 2012",T20I # 231
104,104,15,Ireland,Kenya,Ireland,10 wickets,Dubai (DSC),"Mar 14, 2012",T20I # 232
105,105,16,Afghanistan,Netherlands,Afghanistan,4 wickets,Dubai (DSC),"Mar 14, 2012",T20I # 233
106,106,17,Afghanistan,Canada,Afghanistan,41 runs,ICCA Dubai,"Mar 18, 2012",T20I # 234
107,107,18,Ireland,Scotland,Ireland,17 runs,Dubai (DSC),"Mar 18, 2012",T20I # 235
108,108,19,Canada,Ireland,Ireland,10 wickets,Dubai (DSC),"Mar 22, 2012",T20I # 236
109,109,20,Netherlands,Scotland,Netherlands,3 wickets,ICCA Dubai,"Mar 22, 2012",T20I # 237
110,110,21,Ireland,Netherlands,Ireland,7 wickets,Dubai (DSC),"Mar 23, 2012",T20I # 238
111,111,22,Canada,Scotland,Scotland,4 wickets,Dubai (DSC),"Mar 23, 2012",T20I # 239
112,112,23,Afghanistan,Ireland,Ireland,5 wickets,Dubai (DSC),"Mar 24, 2012",T20I # 240
113,113,24,West Indies,Australia,Australia,8 wickets,Gros Islet,"Mar 27, 2012",T20I # 241
114,114,25,South Africa,India,South Africa,11 runs,Johannesburg,"Mar 30, 2012",T20I # 242
115,115,26,West Indies,Australia,West Indies,14 runs,Bridgetown,"Mar 30, 2012",T20I # 243
116,116,27,Sri Lanka,Pakistan,Sri Lanka,37 runs,Hambantota,"Jun 1, 2012",T20I # 244
117,117,28,Sri Lanka,Pakistan,Pakistan,23 runs,Hambantota,"Jun 3, 2012",T20I # 245
118,118,29,England,West Indies,England,7 wickets,Nottingham,"Jun 24, 2012",T20I # 246
119,119,30,New Zealand,West Indies,West Indies,56 runs,Lauderhill,"Jun 30, 2012",T20I # 247
120,120,31,New Zealand,West Indies,West Indies,61 runs,Lauderhill,"Jul 1, 2012",T20I # 248
121,121,32,Ireland,Bangladesh,Bangladesh,71 runs,Belfast,"Jul 18, 2012",T20I # 249
122,122,33,Ireland,Bangladesh,Bangladesh,1 run,Belfast,"Jul 20, 2012",T20I # 250
123,123,34,Ireland,Bangladesh,Bangladesh,2 wickets,Belfast,"Jul 21, 2012",T20I # 251
124,124,35,Bangladesh,Scotland,Scotland,34 runs,The Hague,"Jul 24, 2012",T20I # 252
125,125,36,Netherlands,Bangladesh,Bangladesh,8 wickets,The Hague,"Jul 25, 2012",T20I # 253
126,126,37,Netherlands,Bangladesh,Netherlands,1 wicket,The Hague,"Jul 26, 2012",T20I # 254
127,127,38,Sri Lanka,India,India,39 runs,Pallekele,"Aug 7, 2012",T20I # 255
128,128,39,Australia,Pakistan,Pakistan,7 wickets,Dubai (DSC),"Sep 5, 2012",T20I # 256
129,129,40,Australia,Pakistan,tied,,Dubai (DSC),"Sep 7, 2012",T20I # 257
130,130,41,England,South Africa,South Africa,7 wickets,Chester-le-Street,"Sep 8, 2012",T20I # 258
131,131,42,Australia,Pakistan,Australia,94 runs,Dubai (DSC),"Sep 10, 2012",T20I # 259
132,132,43,England,South Africa,no result,,Manchester,"Sep 10, 2012",T20I # 260
133,133,44,India,New Zealand,New Zealand,1 run,Chennai,"Sep 11, 2012",T20I # 261
134,134,45,England,South Africa,England,28 runs,Birmingham,"Sep 12, 2012",T20I # 262
135,135,46,Sri Lanka,Zimbabwe,Sri Lanka,82 runs,Hambantota,"Sep 18, 2012",T20I # 263
136,136,47,Australia,Ireland,Australia,7 wickets,Colombo (RPS),"Sep 19, 2012",T20I # 264
137,137,48,Afghanistan,India,India,23 runs,Colombo (RPS),"Sep 19, 2012",T20I # 265
138,138,49,South Africa,Zimbabwe,South Africa,10 wickets,Hambantota,"Sep 20, 2012",T20I # 266
139,139,50,Bangladesh,New Zealand,New Zealand,59 runs,Pallekele,"Sep 21, 2012",T20I # 267
140,140,51,Afghanistan,England,England,116 runs,Colombo (RPS),"Sep 21, 2012",T20I # 268
141,141,52,Sri Lanka,South Africa,South Africa,32 runs,Hambantota,"Sep 22, 2012",T20I # 269
142,142,53,Australia,West Indies,Australia,17 runs,Colombo (RPS),"Sep 22, 2012",T20I # 270
143,143,54,New Zealand,Pakistan,Pakistan,13 runs,Pallekele,"Sep 23, 2012",T20I # 271
144,144,55,England,India,India,90 runs,Colombo (RPS),"Sep 23, 2012",T20I # 272
145,145,56,Ireland,West Indies,no result,,Colombo (RPS),"Sep 24, 2012",T20I # 273
146,146,57,Bangladesh,Pakistan,Pakistan,8 wickets,Pallekele,"Sep 25, 2012",T20I # 274
147,147,58,Sri Lanka,New Zealand,tied,,Pallekele,"Sep 27, 2012",T20I # 275
148,148,59,England,West Indies,West Indies,15 runs,Pallekele,"Sep 27, 2012",T20I # 276
149,149,60,Pakistan,South Africa,Pakistan,2 wickets,Colombo (RPS),"Sep 28, 2012",T20I # 277
150,150,61,Australia,India,Australia,9 wickets,Colombo (RPS),"Sep 28, 2012",T20I # 278
151,151,62,England,New Zealand,England,6 wickets,Pallekele,"Sep 29, 2012",T20I # 279
152,152,63,Sri Lanka,West Indies,Sri Lanka,9 wickets,Pallekele,"Sep 29, 2012",T20I # 280
153,153,64,Australia,South Africa,Australia,8 wickets,Colombo (RPS),"Sep 30, 2012",T20I # 281
154,154,65,India,Pakistan,India,8 wickets,Colombo (RPS),"Sep 30, 2012",T20I # 282
155,155,66,New Zealand,West Indies,tied,,Pallekele,"Oct 1, 2012",T20I # 283
156,156,67,Sri Lanka,England,Sri Lanka,19 runs,Pallekele,"Oct 1, 2012",T20I # 284
157,157,68,Australia,Pakistan,Pakistan,32 runs,Colombo (RPS),"Oct 2, 2012",T20I # 285
158,158,69,India,South Africa,India,1 run,Colombo (RPS),"Oct 2, 2012",T20I # 286
159,159,70,Sri Lanka,Pakistan,Sri Lanka,16 runs,Colombo (RPS),"Oct 4, 2012",T20I # 287
160,160,71,Australia,West Indies,West Indies,74 runs,Colombo (RPS),"Oct 5, 2012",T20I # 288
161,161,72,Sri Lanka,West Indies,West Indies,36 runs,Colombo (RPS),"Oct 7, 2012",T20I # 289
162,162,73,Sri Lanka,New Zealand,no result,,Pallekele,"Oct 30, 2012",T20I # 290
163,163,74,Bangladesh,West Indies,West Indies,18 runs,Dhaka,"Dec 10, 2012",T20I # 291
164,164,75,India,England,India,5 wickets,Pune,"Dec 20, 2012",T20I # 292
165,165,76,South Africa,New Zealand,South Africa,8 wickets,Durban,"Dec 21, 2012",T20I # 293
166,166,77,India,England,England,6 wickets,Mumbai,"Dec 22, 2012",T20I # 294
167,167,78,South Africa,New Zealand,New Zealand,8 wickets,East London,"Dec 23, 2012",T20I # 295
168,168,79,India,Pakistan,Pakistan,5 wickets,Bengaluru,"Dec 25, 2012",T20I # 296
169,169,80,South Africa,New Zealand,South Africa,33 runs,Port Elizabeth,"Dec 26, 2012",T20I # 297
170,170,81,India,Pakistan,India,11 runs,Ahmedabad,"Dec 28, 2012",T20I # 298
171,171,0,Australia,Sri Lanka,Sri Lanka,5 wickets,Sydney,"Jan 26, 2013",T20I # 299
172,172,1,Australia,Sri Lanka,Sri Lanka,2 runs,Melbourne,"Jan 28, 2013",T20I # 300
173,173,2,New Zealand,England,England,40 runs,Auckland,"Feb 9, 2013",T20I # 301
174,174,3,New Zealand,England,New Zealand,55 runs,Hamilton,"Feb 12, 2013",T20I # 302
175,175,4,Australia,West Indies,West Indies,27 runs,Brisbane,"Feb 13, 2013",T20I # 303
176,176,5,New Zealand,England,England,10 wickets,Wellington,"Feb 15, 2013",T20I # 304
177,177,6,West Indies,Zimbabwe,West Indies,8 wickets,North Sound,"Mar 2, 2013",T20I # 305
178,178,7,South Africa,Pakistan,Pakistan,95 runs,Centurion,"Mar 3, 2013",T20I # 306
179,179,8,Afghanistan,Scotland,Afghanistan,27 runs,Sharjah,"Mar 3, 2013",T20I # 307
180,180,9,West Indies,Zimbabwe,West Indies,41 runs,North Sound,"Mar 3, 2013",T20I # 308
181,181,10,Afghanistan,Scotland,Afghanistan,7 wickets,Sharjah,"Mar 4, 2013",T20I # 309
182,182,11,Canada,Kenya,Canada,5 wickets,ICCA Dubai,"Mar 15, 2013",T20I # 310
183,183,12,Canada,Kenya,Kenya,21 runs,ICCA Dubai,"Mar 16, 2013",T20I # 311
184,184,13,Sri Lanka,Bangladesh,Sri Lanka,17 runs,Pallekele,"Mar 31, 2013",T20I # 312
185,185,14,Kenya,Netherlands,Kenya,5 wickets,Windhoek,"Apr 19, 2013",T20I # 313
186,186,15,Kenya,Netherlands,Kenya,7 wickets,Windhoek,"Apr 20, 2013",T20I # 314
187,187,16,Zimbabwe,Bangladesh,Zimbabwe,6 runs,Bulawayo,"May 11, 2013",T20I # 315
188,188,17,Zimbabwe,Bangladesh,Bangladesh,34 runs,Bulawayo,"May 12, 2013",T20I # 316
189,189,18,England,New Zealand,New Zealand,5 runs,The Oval,"Jun 25, 2013",T20I # 317
190,190,19,England,New Zealand,no result,,The Oval,"Jun 27, 2013",T20I # 318
191,191,20,Scotland,Kenya,Scotland,35 runs,Aberdeen,"Jul 4, 2013",T20I # 319
192,192,21,Scotland,Kenya,Scotland,7 wickets,Aberdeen,"Jul 5, 2013",T20I # 320
193,193,22,West Indies,Pakistan,Pakistan,2 wickets,Kingstown,"Jul 27, 2013",T20I # 321
194,194,23,West Indies,Pakistan,Pakistan,11 runs,Kingstown,"Jul 28, 2013",T20I # 322
195,195,24,Sri Lanka,South Africa,South Africa,12 runs,Colombo (RPS),"Aug 2, 2013",T20I # 323
196,196,25,Sri Lanka,South Africa,South Africa,22 runs,Hambantota,"Aug 4, 2013",T20I # 324
197,197,26,Sri Lanka,South Africa,Sri Lanka,6 wickets,Hambantota,"Aug 6, 2013",T20I # 325
198,198,27,Zimbabwe,Pakistan,Pakistan,25 runs,Harare,"Aug 23, 2013",T20I # 326
199,199,28,Zimbabwe,Pakistan,Pakistan,19 runs,Harare,"Aug 24, 2013",T20I # 327
200,200,29,England,Australia,Australia,39 runs,Southampton,"Aug 29, 2013",T20I # 328
201,201,30,England,Australia,England,27 runs,Chester-le-Street,"Aug 31, 2013",T20I # 329
202,202,31,Afghanistan,Kenya,Afghanistan,106 runs,Sharjah,"Sep 30, 2013",T20I # 330
203,203,32,India,Australia,India,6 wickets,Rajkot,"Oct 10, 2013",T20I # 331
204,204,33,Afghanistan,Kenya,Kenya,34 runs,Sharjah,"Oct 11, 2013",T20I # 332
205,205,34,Bangladesh,New Zealand,New Zealand,15 runs,Dhaka,"Nov 6, 2013",T20I # 333
206,206,35,Pakistan,South Africa,South Africa,9 wickets,Dubai (DSC),"Nov 13, 2013",T20I # 334
207,207,36,Afghanistan,Netherlands,Netherlands,7 wickets,Sharjah,"Nov 15, 2013",T20I # 335
208,208,37,Pakistan,South Africa,South Africa,6 runs,Dubai (DSC),"Nov 15, 2013",T20I # 336
209,209,38,Afghanistan,Scotland,Afghanistan,17 runs,Sharjah,"Nov 16, 2013",T20I # 337
210,210,39,Canada,Ireland,Ireland,2 runs,Abu Dhabi,"Nov 16, 2013",T20I # 338
211,211,40,Kenya,Scotland,Kenya,92 runs,ICCA Dubai,"Nov 19, 2013",T20I # 339
212,212,41,South Africa,Pakistan,South Africa,4 runs,Johannesburg,"Nov 20, 2013",T20I # 340
213,213,42,Sri Lanka,New Zealand,Sri Lanka,8 wickets,Pallekele,"Nov 21, 2013",T20I # 341
214,214,43,Netherlands,Scotland,Scotland,15 runs,ICCA Dubai,"Nov 22, 2013",T20I # 342
215,215,44,South Africa,Pakistan,Pakistan,6 runs,Cape Town,"Nov 22, 2013",T20I # 343
216,216,45,Kenya,Netherlands,Netherlands,29 runs,ICCA Dubai,"Nov 23, 2013",T20I # 344
217,217,46,Afghanistan,Kenya,Afghanistan,34 runs,Sharjah,"Nov 24, 2013",T20I # 345
218,218,47,Canada,Kenya,Kenya,21 runs,Sharjah,"Nov 26, 2013",T20I # 346
219,219,48,Netherlands,Scotland,Netherlands,8 wickets,Abu Dhabi,"Nov 28, 2013",T20I # 347
220,220,49,Afghanistan,Ireland,Ireland,68 runs,Abu Dhabi,"Nov 30, 2013",T20I # 348
221,221,50,Afghanistan,Pakistan,Pakistan,6 wickets,Sharjah,"Dec 8, 2013",T20I # 349
222,222,51,Pakistan,Sri Lanka,Pakistan,3 wickets,Dubai (DSC),"Dec 11, 2013",T20I # 350
223,223,52,Pakistan,Sri Lanka,Sri Lanka,24 runs,Dubai (DSC),"Dec 13, 2013",T20I # 351
224,224,0,New Zealand,West Indies,New Zealand,81 runs,Auckland,"Jan 11, 2014",T20I # 352
225,225,1,New Zealand,West Indies,New Zealand,4 wickets,Wellington,"Jan 15, 2014",T20I # 353
226,226,2,Australia,England,Australia,13 runs,Hobart,"Jan 29, 2014",T20I # 354
227,227,3,Australia,England,Australia,8 wickets,Melbourne,"Jan 31, 2014",T20I # 355
228,228,4,Australia,England,Australia,84 runs,Sydney,"Feb 2, 2014",T20I # 356
229,229,5,Bangladesh,Sri Lanka,Sri Lanka,2 runs,Chattogram,"Feb 12, 2014",T20I # 357
230,230,6,Bangladesh,Sri Lanka,Sri Lanka,3 wickets,Chattogram,"Feb 14, 2014",T20I # 358
231,231,7,West Indies,Ireland,Ireland,6 wickets,Kingston,"Feb 19, 2014",T20I # 359
232,232,8,West Indies,Ireland,West Indies,11 runs,Kingston,"Feb 21, 2014",T20I # 360
233,233,9,West Indies,England,West Indies,27 runs,Bridgetown,"Mar 9, 2014",T20I # 361
234,234,10,West Indies,England,West Indies,5 wickets,Bridgetown,"Mar 11, 2014",T20I # 362
235,235,11,South Africa,Australia,Australia,5 wickets,Durban,"Mar 12, 2014",T20I # 363
236,236,12,West Indies,England,England,5 runs,Bridgetown,"Mar 13, 2014",T20I # 364
237,237,13,South Africa,Australia,Australia,6 wickets,Centurion,"Mar 14, 2014",T20I # 365
238,238,14,Bangladesh,Afghanistan,Bangladesh,9 wickets,Dhaka,"Mar 16, 2014",T20I # 366
239,239,15,Hong Kong,Nepal,Nepal,80 runs,Chattogram,"Mar 16, 2014",T20I # 367
240,240,16,Ireland,Zimbabwe,Ireland,3 wickets,Sylhet,"Mar 17, 2014",T20I # 368
241,241,17,Netherlands,U.A.E.,Netherlands,6 wickets,Sylhet,"Mar 17, 2014",T20I # 369
242,242,18,Afghanistan,Hong Kong,Afghanistan,7 wickets,Chattogram,"Mar 18, 2014",T20I # 370
243,243,19,Bangladesh,Nepal,Bangladesh,8 wickets,Chattogram,"Mar 18, 2014",T20I # 371
244,244,20,Netherlands,Zimbabwe,Zimbabwe,5 wickets,Sylhet,"Mar 19, 2014",T20I # 372
245,245,21,Ireland,U.A.E.,Ireland,21 runs,Sylhet,"Mar 19, 2014",T20I # 373
246,246,22,Afghanistan,Nepal,Nepal,9 runs,Chattogram,"Mar 20, 2014",T20I # 374
247,247,23,Bangladesh,Hong Kong,Hong Kong,2 wickets,Chattogram,"Mar 20, 2014",T20I # 375
248,248,24,U.A.E.,Zimbabwe,Zimbabwe,5 wickets,Sylhet,"Mar 21, 2014",T20I # 376
249,249,25,Ireland,Netherlands,Netherlands,6 wickets,Sylhet,"Mar 21, 2014",T20I # 377
250,250,26,India,Pakistan,India,7 wickets,Dhaka,"Mar 21, 2014",T20I # 378
251,251,27,South Africa,Sri Lanka,Sri Lanka,5 runs,Chattogram,"Mar 22, 2014",T20I # 379
252,252,28,England,New Zealand,New Zealand,9 runs,Chattogram,"Mar 22, 2014",T20I # 380
253,253,29,Australia,Pakistan,Pakistan,16 runs,Dhaka,"Mar 23, 2014",T20I # 381
254,254,30,India,West Indies,India,7 wickets,Dhaka,"Mar 23, 2014",T20I # 382
255,255,31,New Zealand,South Africa,South Africa,2 runs,Chattogram,"Mar 24, 2014",T20I # 383
256,256,32,Netherlands,Sri Lanka,Sri Lanka,9 wickets,Chattogram,"Mar 24, 2014",T20I # 384
257,257,33,Bangladesh,West Indies,West Indies,73 runs,Dhaka,"Mar 25, 2014",T20I # 385
258,258,34,Netherlands,South Africa,South Africa,6 runs,Chattogram,"Mar 27, 2014",T20I # 386
259,259,35,England,Sri Lanka,England,6 wickets,Chattogram,"Mar 27, 2014",T20I # 387
260,260,36,Australia,West Indies,West Indies,6 wickets,Dhaka,"Mar 28, 2014",T20I # 388
261,261,37,Bangladesh,India,India,8 wickets,Dhaka,"Mar 28, 2014",T20I # 389
262,262,38,Netherlands,New Zealand,New Zealand,6 wickets,Chattogram,"Mar 29, 2014",T20I # 390
263,263,39,England,South Africa,South Africa,3 runs,Chattogram,"Mar 29, 2014",T20I # 391
264,264,40,Bangladesh,Pakistan,Pakistan,50 runs,Dhaka,"Mar 30, 2014",T20I # 392
265,265,41,Australia,India,India,73 runs,Dhaka,"Mar 30, 2014",T20I # 393
266,266,42,England,Netherlands,Netherlands,45 runs,Chattogram,"Mar 31, 2014",T20I # 394
267,267,43,New Zealand,Sri Lanka,Sri Lanka,59 runs,Chattogram,"Mar 31, 2014",T20I # 395
268,268,44,Bangladesh,Australia,Australia,7 wickets,Dhaka,"Apr 1, 2014",T20I # 396
269,269,45,Pakistan,West Indies,West Indies,84 runs,Dhaka,"Apr 1, 2014",T20I # 397
270,270,46,Sri Lanka,West Indies,Sri Lanka,27 runs,Dhaka,"Apr 3, 2014",T20I # 398
271,271,47,India,South Africa,India,6 wickets,Dhaka,"Apr 4, 2014",T20I # 399
272,272,48,India,Sri Lanka,Sri Lanka,6 wickets,Dhaka,"Apr 6, 2014",T20I # 400
273,273,49,England,Sri Lanka,Sri Lanka,9 runs,The Oval,"May 20, 2014",T20I # 401
274,274,50,West Indies,New Zealand,New Zealand,12 runs,Roseau,"Jul 5, 2014",T20I # 402
275,275,51,West Indies,New Zealand,West Indies,39 runs,Roseau,"Jul 6, 2014",T20I # 403
276,276,52,West Indies,Bangladesh,no result,,Basseterre,"Aug 27, 2014",T20I # 404
277,277,53,England,India,England,3 runs,Birmingham,"Sep 7, 2014",T20I # 405
278,278,54,Australia,Pakistan,Australia,6 wickets,Dubai (DSC),"Oct 5, 2014",T20I # 406
279,279,55,Australia,South Africa,South Africa,7 wickets,Adelaide,"Nov 5, 2014",T20I # 407
280,280,56,Australia,South Africa,Australia,7 wickets,Melbourne,"Nov 7, 2014",T20I # 408
281,281,57,Australia,South Africa,Australia,2 wickets,Sydney,"Nov 9, 2014",T20I # 409
282,282,58,Hong Kong,Nepal,Hong Kong,2 wickets,Colombo (PSS),"Nov 24, 2014",T20I # 410
283,283,59,New Zealand,Pakistan,Pakistan,7 wickets,Dubai (DSC),"Dec 4, 2014",T20I # 411
284,284,60,New Zealand,Pakistan,New Zealand,17 runs,Dubai (DSC),"Dec 5, 2014",T20I # 412
285,285,0,South Africa,West Indies,West Indies,4 wickets,Cape Town,"Jan 9, 2015",T20I # 413
286,286,1,South Africa,West Indies,West Indies,4 wickets,Johannesburg,"Jan 11, 2015",T20I # 414
287,287,2,South Africa,West Indies,South Africa,69 runs,Durban,"Jan 14, 2015",T20I # 415
288,288,3,Bangladesh,Pakistan,Bangladesh,7 wickets,Dhaka,"Apr 24, 2015",T20I # 416
289,289,4,Pakistan,Zimbabwe,Pakistan,5 wickets,Lahore,"May 22, 2015",T20I # 417
290,290,5,Pakistan,Zimbabwe,Pakistan,2 wickets,Lahore,"May 24, 2015",T20I # 418
291,291,6,Ireland,Scotland,Scotland,6 wickets,Bready,"Jun 18, 2015",T20I # 419
292,292,7,Ireland,Scotland,no result,,Bready,"Jun 19, 2015",T20I # 420
293,293,8,Ireland,Scotland,Scotland,6 wickets,Bready,"Jun 20, 2015",T20I # 421
294,294,9,Ireland,Scotland,no result,,Bready,"Jun 21, 2015",T20I # 422
295,295,10,England,New Zealand,England,56 runs,Manchester,"Jun 23, 2015",T20I # 423
296,296,11,Netherlands,Nepal,Netherlands,18 runs,Amstelveen,"Jun 30, 2015",T20I # 424
297,297,12,Netherlands,Nepal,Netherlands,103 runs,Amstelveen,"Jul 1, 2015",T20I # 425
298,298,13,Netherlands,Nepal,Netherlands,18 runs,Rotterdam,"Jul 2, 2015",T20I # 426
299,299,14,Netherlands,Nepal,Nepal,3 wickets,Rotterdam,"Jul 3, 2015",T20I # 427
300,300,15,Bangladesh,South Africa,South Africa,52 runs,Dhaka,"Jul 5, 2015",T20I # 428
301,301,16,Bangladesh,South Africa,South Africa,31 runs,Dhaka,"Jul 7, 2015",T20I # 429
302,302,17,Scotland,U.A.E.,Scotland,9 wickets,Edinburgh,"Jul 9, 2015",T20I # 430
303,303,18,Afghanistan,Netherlands,Afghanistan,32 runs,Edinburgh,"Jul 9, 2015",T20I # 431
304,304,19,Afghanistan,U.A.E.,Afghanistan,8 wickets,Edinburgh,"Jul 10, 2015",T20I # 432
305,305,20,Scotland,Netherlands,Netherlands,32 runs,Edinburgh,"Jul 11, 2015",T20I # 433
306,306,21,Netherlands,U.A.E.,Netherlands,7 wickets,Edinburgh,"Jul 12, 2015",T20I # 434
307,307,22,Scotland,Afghanistan,Afghanistan,37 runs,Edinburgh,"Jul 12, 2015",T20I # 435
308,308,23,Ireland,Nepal,Ireland,8 wickets,Belfast,"Jul 13, 2015",T20I # 436
309,309,24,Ireland,P.N.G.,P.N.G.,2 wickets,Belfast,"Jul 15, 2015",T20I # 437
310,310,25,Hong Kong,Nepal,Hong Kong,5 wickets,Belfast,"Jul 15, 2015",T20I # 438
311,311,26,Nepal,P.N.G.,P.N.G.,8 wickets,Dublin (Malahide),"Jul 17, 2015",T20I # 439
312,312,27,Zimbabwe,India,India,54 runs,Harare,"Jul 17, 2015",T20I # 440
313,313,28,Ireland,Hong Kong,Hong Kong,5 runs,Dublin (Malahide),"Jul 17, 2015",T20I # 441
314,314,29,Zimbabwe,India,Zimbabwe,10 runs,Harare,"Jul 19, 2015",T20I # 442
315,315,30,Afghanistan,Hong Kong,Hong Kong,5 wickets,Dublin (Malahide),"Jul 21, 2015",T20I # 443
316,316,31,Afghanistan,P.N.G.,Afghanistan,6 wickets,Dublin (Malahide),"Jul 23, 2015",T20I # 444
317,317,32,Hong Kong,Scotland,Scotland,5 wickets,Dublin (Malahide),"Jul 25, 2015",T20I # 445
318,318,33,Afghanistan,Oman,Afghanistan,5 wickets,Dublin,"Jul 25, 2015",T20I # 446
319,319,34,Ireland,Netherlands,Netherlands,5 wickets,Dublin (Malahide),"Jul 25, 2015",T20I # 447
320,320,35,Sri Lanka,Pakistan,Pakistan,29 runs,Colombo (RPS),"Jul 30, 2015",T20I # 448
321,321,36,Sri Lanka,Pakistan,Pakistan,1 wicket,Colombo (RPS),"Aug 1, 2015",T20I # 449
322,322,37,Zimbabwe,New Zealand,New Zealand,80 runs,Harare,"Aug 9, 2015",T20I # 450
323,323,38,South Africa,New Zealand,South Africa,6 wickets,Durban,"Aug 14, 2015",T20I # 451
324,324,39,South Africa,New Zealand,New Zealand,32 runs,Centurion,"Aug 16, 2015",T20I # 452
325,325,40,England,Australia,England,5 runs,Cardiff,"Aug 31, 2015",T20I # 453
326,326,41,Zimbabwe,Pakistan,Pakistan,13 runs,Harare,"Sep 27, 2015",T20I # 454
327,327,42,Zimbabwe,Pakistan,Pakistan,15 runs,Harare,"Sep 29, 2015",T20I # 455
328,328,43,India,South Africa,South Africa,7 wickets,Dharamsala,"Oct 2, 2015",T20I # 456
329,329,44,India,South Africa,South Africa,6 wickets,Cuttack,"Oct 5, 2015",T20I # 457
330,330,45,Zimbabwe,Afghanistan,Afghanistan,6 wickets,Bulawayo,"Oct 26, 2015",T20I # 458
331,331,46,Zimbabwe,Afghanistan,Afghanistan,5 wickets,Bulawayo,"Oct 28, 2015",T20I # 459
332,332,47,Sri Lanka,West Indies,Sri Lanka,30 runs,Pallekele,"Nov 9, 2015",T20I # 460
333,333,48,Sri Lanka,West Indies,West Indies,23 runs,Colombo (RPS),"Nov 11, 2015",T20I # 461
334,334,49,Bangladesh,Zimbabwe,Bangladesh,4 wickets,Dhaka,"Nov 13, 2015",T20I # 462
335,335,50,Bangladesh,Zimbabwe,Zimbabwe,3 wickets,Dhaka,"Nov 15, 2015",T20I # 463
336,336,51,Hong Kong,Oman,Oman,6 wickets,Abu Dhabi,"Nov 21, 2015",T20I # 464
337,337,52,U.A.E.,Oman,U.A.E.,7 wickets,Abu Dhabi,"Nov 22, 2015",T20I # 465
338,338,53,Hong Kong,Oman,Oman,4 runs,Abu Dhabi,"Nov 25, 2015",T20I # 466
339,339,54,Hong Kong,Oman,Hong Kong,8 wickets,Abu Dhabi,"Nov 26, 2015",T20I # 467
340,340,55,England,Pakistan,England,14 runs,Dubai (DSC),"Nov 26, 2015",T20I # 468
341,341,56,England,Pakistan,England,3 runs,Dubai (DSC),"Nov 27, 2015",T20I # 469
342,342,57,Afghanistan,Hong Kong,Hong Kong,4 wickets,Abu Dhabi,"Nov 28, 2015",T20I # 470
343,343,58,Afghanistan,Oman,Afghanistan,27 runs,Abu Dhabi,"Nov 29, 2015",T20I # 471
344,344,59,Afghanistan,Oman,Afghanistan,12 runs,Abu Dhabi,"Nov 30, 2015",T20I # 472
345,345,60,England,Pakistan,tied,,Sharjah,"Nov 30, 2015",T20I # 473
346,346,0,New Zealand,Sri Lanka,New Zealand,3 runs,Mount Maunganui,"Jan 7, 2016",T20I # 474
347,347,1,Afghanistan,Zimbabwe,Afghanistan,5 runs,Sharjah,"Jan 8, 2016",T20I # 475
348,348,2,New Zealand,Sri Lanka,New Zealand,9 wickets,Auckland,"Jan 10, 2016",T20I # 476
349,349,3,Afghanistan,Zimbabwe,Afghanistan,81 runs,Sharjah,"Jan 10, 2016",T20I # 477
350,350,4,New Zealand,Pakistan,Pakistan,16 runs,Auckland,"Jan 15, 2016",T20I # 478
351,351,5,Bangladesh,Zimbabwe,Bangladesh,4 wickets,Khulna,"Jan 15, 2016",T20I # 479
352,352,6,New Zealand,Pakistan,New Zealand,10 wickets,Hamilton,"Jan 17, 2016",T20I # 480
353,353,7,Bangladesh,Zimbabwe,Bangladesh,42 runs,Khulna,"Jan 17, 2016",T20I # 481
354,354,8,Bangladesh,Zimbabwe,Zimbabwe,31 runs,Khulna,"Jan 20, 2016",T20I # 482
355,355,9,New Zealand,Pakistan,New Zealand,95 runs,Wellington,"Jan 22, 2016",T20I # 483
356,356,10,Bangladesh,Zimbabwe,Zimbabwe,18 runs,Khulna,"Jan 22, 2016",T20I # 484
357,357,11,Australia,India,India,37 runs,Adelaide,"Jan 26, 2016",T20I # 485
358,358,12,Australia,India,India,27 runs,Melbourne,"Jan 29, 2016",T20I # 486
359,359,13,Hong Kong,Scotland,Hong Kong,9 wickets,Mong Kok,"Jan 30, 2016",T20I # 487
360,360,14,Hong Kong,Scotland,Scotland,37 runs,Mong Kok,"Jan 31, 2016",T20I # 488
361,361,15,Australia,India,India,7 wickets,Sydney,"Jan 31, 2016",T20I # 489
362,362,16,U.A.E.,Netherlands,Netherlands,84 runs,ICCA Dubai,"Feb 3, 2016",T20I # 490
363,363,17,U.A.E.,Scotland,U.A.E.,9 runs,ICCA Dubai,"Feb 4, 2016",T20I # 491
364,364,18,Netherlands,Scotland,Scotland,37 runs,ICCA Dubai,"Feb 5, 2016",T20I # 492
365,365,19,Ireland,P.N.G.,Ireland,5 wickets,Townsville,"Feb 6, 2016",T20I # 493
366,366,20,Ireland,P.N.G.,Ireland,7 runs,Townsville,"Feb 7, 2016",T20I # 494
367,367,21,Ireland,P.N.G.,P.N.G.,11 runs,Townsville,"Feb 9, 2016",T20I # 495
368,368,22,India,Sri Lanka,Sri Lanka,5 wickets,Pune,"Feb 9, 2016",T20I # 496
369,369,23,India,Sri Lanka,India,69 runs,Ranchi,"Feb 12, 2016",T20I # 497
370,370,24,U.A.E.,Ireland,Ireland,34 runs,Abu Dhabi,"Feb 14, 2016",T20I # 498
371,371,25,India,Sri Lanka,India,9 wickets,Visakhapatnam,"Feb 14, 2016",T20I # 499
372,372,26,U.A.E.,Ireland,U.A.E.,5 runs,Abu Dhabi,"Feb 16, 2016",T20I # 500
373,373,27,Afghanistan,U.A.E.,U.A.E.,16 runs,Fatullah,"Feb 19, 2016",T20I # 501
374,374,28,Hong Kong,Oman,Oman,5 runs,Fatullah,"Feb 19, 2016",T20I # 502
375,375,29,South Africa,England,South Africa,3 wickets,Cape Town,"Feb 19, 2016",T20I # 503
376,376,30,Afghanistan,Oman,Afghanistan,3 wickets,Fatullah,"Feb 20, 2016",T20I # 504
377,377,31,Hong Kong,U.A.E.,U.A.E.,6 wickets,Fatullah,"Feb 21, 2016",T20I # 505
378,378,32,South Africa,England,South Africa,9 wickets,Johannesburg,"Feb 21, 2016",T20I # 506
379,379,33,Afghanistan,Hong Kong,Afghanistan,66 runs,Dhaka,"Feb 22, 2016",T20I # 507
380,380,34,Oman,U.A.E.,U.A.E.,71 runs,Dhaka,"Feb 22, 2016",T20I # 508
381,381,35,Bangladesh,India,India,45 runs,Dhaka,"Feb 24, 2016",T20I # 509
382,382,36,Sri Lanka,U.A.E.,Sri Lanka,14 runs,Dhaka,"Feb 25, 2016",T20I # 510
383,383,37,Bangladesh,U.A.E.,Bangladesh,51 runs,Dhaka,"Feb 26, 2016",T20I # 511
384,384,38,India,Pakistan,India,5 wickets,Dhaka,"Feb 27, 2016",T20I # 512
385,385,39,Bangladesh,Sri Lanka,Bangladesh,23 runs,Dhaka,"Feb 28, 2016",T20I # 513
386,386,40,Pakistan,U.A.E.,Pakistan,7 wickets,Dhaka,"Feb 29, 2016",T20I # 514
387,387,41,India,Sri Lanka,India,5 wickets,Dhaka,"Mar 1, 2016",T20I # 515
388,388,42,Bangladesh,Pakistan,Bangladesh,5 wickets,Dhaka,"Mar 2, 2016",T20I # 516
389,389,43,India,U.A.E.,India,9 wickets,Dhaka,"Mar 3, 2016",T20I # 517
390,390,44,Pakistan,Sri Lanka,Pakistan,6 wickets,Dhaka,"Mar 4, 2016",T20I # 518
391,391,45,South Africa,Australia,South Africa,3 wickets,Durban,"Mar 4, 2016",T20I # 519
392,392,46,South Africa,Australia,Australia,5 wickets,Johannesburg,"Mar 6, 2016",T20I # 520
393,393,47,Bangladesh,India,India,8 wickets,Dhaka,"Mar 6, 2016",T20I # 521
394,394,48,Hong Kong,Zimbabwe,Zimbabwe,14 runs,Nagpur,"Mar 8, 2016",T20I # 522
395,395,49,Afghanistan,Scotland,Afghanistan,14 runs,Nagpur,"Mar 8, 2016",T20I # 523
396,396,50,Bangladesh,Netherlands,Bangladesh,8 runs,Dharamsala,"Mar 9, 2016",T20I # 524
397,397,51,Ireland,Oman,Oman,2 wickets,Dharamsala,"Mar 9, 2016",T20I # 525
398,398,52,South Africa,Australia,Australia,6 wickets,Cape Town,"Mar 9, 2016",T20I # 526
399,399,53,Scotland,Zimbabwe,Zimbabwe,11 runs,Nagpur,"Mar 10, 2016",T20I # 527
400,400,54,Afghanistan,Hong Kong,Afghanistan,6 wickets,Nagpur,"Mar 10, 2016",T20I # 528
401,401,55,Netherlands,Oman,no result,,Dharamsala,"Mar 11, 2016",T20I # 529
402,402,56,Bangladesh,Ireland,no result,,Dharamsala,"Mar 11, 2016",T20I # 530
403,403,57,Afghanistan,Zimbabwe,Afghanistan,59 runs,Nagpur,"Mar 12, 2016",T20I # 531
404,404,58,Hong Kong,Scotland,Scotland,8 wickets,Nagpur,"Mar 12, 2016",T20I # 532
405,405,59,Ireland,Netherlands,Netherlands,12 runs,Dharamsala,"Mar 13, 2016",T20I # 533
406,406,60,Bangladesh,Oman,Bangladesh,54 runs,Dharamsala,"Mar 13, 2016",T20I # 534
407,407,61,India,New Zealand,New Zealand,47 runs,Nagpur,"Mar 15, 2016",T20I # 535
408,408,62,Bangladesh,Pakistan,Pakistan,55 runs,Kolkata,"Mar 16, 2016",T20I # 536
409,409,63,England,West Indies,West Indies,6 wickets,Mumbai,"Mar 16, 2016",T20I # 537
410,410,64,Afghanistan,Sri Lanka,Sri Lanka,6 wickets,Kolkata,"Mar 17, 2016",T20I # 538
411,411,65,Australia,New Zealand,New Zealand,8 runs,Dharamsala,"Mar 18, 2016",T20I # 539
412,412,66,England,South Africa,England,2 wickets,Mumbai,"Mar 18, 2016",T20I # 540
413,413,67,India,Pakistan,India,6 wickets,Kolkata,"Mar 19, 2016",T20I # 541
414,414,68,Afghanistan,South Africa,South Africa,37 runs,Mumbai,"Mar 20, 2016",T20I # 542
415,415,69,Sri Lanka,West Indies,West Indies,7 wickets,Bengaluru,"Mar 20, 2016",T20I # 543
416,416,70,Australia,Bangladesh,Australia,3 wickets,Bengaluru,"Mar 21, 2016",T20I # 544
417,417,71,New Zealand,Pakistan,New Zealand,22 runs,Mohali,"Mar 22, 2016",T20I # 545
418,418,72,Afghanistan,England,England,15 runs,Delhi,"Mar 23, 2016",T20I # 546
419,419,73,India,Bangladesh,India,1 run,Bengaluru,"Mar 23, 2016",T20I # 547
420,420,74,Australia,Pakistan,Australia,21 runs,Mohali,"Mar 25, 2016",T20I # 548
421,421,75,South Africa,West Indies,West Indies,3 wickets,Nagpur,"Mar 25, 2016",T20I # 549
422,422,76,Bangladesh,New Zealand,New Zealand,75 runs,Kolkata,"Mar 26, 2016",T20I # 550
423,423,77,England,Sri Lanka,England,10 runs,Delhi,"Mar 26, 2016",T20I # 551
424,424,78,Afghanistan,West Indies,Afghanistan,6 runs,Nagpur,"Mar 27, 2016",T20I # 552
425,425,79,India,Australia,India,6 wickets,Mohali,"Mar 27, 2016",T20I # 553
426,426,80,South Africa,Sri Lanka,South Africa,8 wickets,Delhi,"Mar 28, 2016",T20I # 554
427,427,81,England,New Zealand,England,7 wickets,Delhi,"Mar 30, 2016",T20I # 555
428,428,82,India,West Indies,West Indies,7 wickets,Mumbai,"Mar 31, 2016",T20I # 556
429,429,83,England,West Indies,West Indies,4 wickets,Kolkata,"Apr 3, 2016",T20I # 557
430,430,84,Zimbabwe,India,Zimbabwe,2 runs,Harare,"Jun 18, 2016",T20I # 558
431,431,85,Zimbabwe,India,India,10 wickets,Harare,"Jun 20, 2016",T20I # 559
432,432,86,Zimbabwe,India,India,3 runs,Harare,"Jun 22, 2016",T20I # 560
433,433,87,England,Sri Lanka,England,8 wickets,Southampton,"Jul 5, 2016",T20I # 561
434,434,88,India,West Indies,West Indies,1 run,Lauderhill,"Aug 27, 2016",T20I # 562
435,435,89,India,West Indies,no result,,Lauderhill,"Aug 28, 2016",T20I # 563
436,436,90,Ireland,Hong Kong,Hong Kong,40 runs,Bready,"Sep 5, 2016",T20I # 564
437,437,91,Sri Lanka,Australia,Australia,85 runs,Pallekele,"Sep 6, 2016",T20I # 565
438,438,92,England,Pakistan,Pakistan,9 wickets,Manchester,"Sep 7, 2016",T20I # 566
439,439,93,Sri Lanka,Australia,Australia,4 wickets,Colombo (RPS),"Sep 9, 2016",T20I # 567
440,440,94,Pakistan,West Indies,Pakistan,9 wickets,Dubai (DSC),"Sep 23, 2016",T20I # 568
441,441,95,Pakistan,West Indies,Pakistan,16 runs,Dubai (DSC),"Sep 24, 2016",T20I # 569
442,442,96,Pakistan,West Indies,Pakistan,8 wickets,Abu Dhabi,"Sep 27, 2016",T20I # 570
443,443,97,U.A.E.,Afghanistan,Afghanistan,11 runs,ICCA Dubai,"Dec 14, 2016",T20I # 571
444,444,98,U.A.E.,Afghanistan,Afghanistan,5 wickets,Dubai (DSC),"Dec 16, 2016",T20I # 572
445,445,99,U.A.E.,Afghanistan,Afghanistan,44 runs,ICCA Dubai,"Dec 18, 2016",T20I # 573
446,446,0,New Zealand,Bangladesh,New Zealand,6 wickets,Napier,"Jan 3, 2017",T20I # 574
447,447,1,New Zealand,Bangladesh,New Zealand,47 runs,Mount Maunganui,"Jan 6, 2017",T20I # 575
448,448,2,New Zealand,Bangladesh,New Zealand,27 runs,Mount Maunganui,"Jan 8, 2017",T20I # 576
449,449,3,Hong Kong,Scotland,Scotland,24 runs,Abu Dhabi,"Jan 14, 2017",T20I # 577
450,450,4,Afghanistan,Ireland,Afghanistan,5 wickets,Abu Dhabi,"Jan 14, 2017",T20I # 578
451,451,5,Netherlands,Oman,Netherlands,5 wickets,Abu Dhabi,"Jan 15, 2017",T20I # 579
452,452,6,Hong Kong,Oman,Oman,7 wickets,Abu Dhabi,"Jan 16, 2017",T20I # 580
453,453,7,U.A.E.,Afghanistan,Afghanistan,5 wickets,Abu Dhabi,"Jan 16, 2017",T20I # 581
454,454,8,Netherlands,Scotland,Scotland,7 runs,Abu Dhabi,"Jan 17, 2017",T20I # 582
455,455,9,U.A.E.,Ireland,Ireland,24 runs,Dubai (DSC),"Jan 18, 2017",T20I # 583
456,456,10,Hong Kong,Netherlands,Hong Kong,91 runs,Dubai (DSC),"Jan 18, 2017",T20I # 584
457,457,11,Oman,Scotland,Scotland,7 wickets,Dubai (DSC),"Jan 19, 2017",T20I # 585
458,458,12,Afghanistan,Oman,Afghanistan,8 wickets,Dubai (DSC),"Jan 20, 2017",T20I # 586
459,459,13,Ireland,Scotland,Ireland,98 runs,Dubai (DSC),"Jan 20, 2017",T20I # 587
460,460,14,Afghanistan,Ireland,Afghanistan,10 wickets,Dubai (DSC),"Jan 20, 2017",T20I # 588
461,461,15,South Africa,Sri Lanka,South Africa,19 runs,Centurion,"Jan 20, 2017",T20I # 589
462,462,16,South Africa,Sri Lanka,Sri Lanka,3 wickets,Johannesburg,"Jan 22, 2017",T20I # 590
463,463,17,South Africa,Sri Lanka,Sri Lanka,5 wickets,Cape Town,"Jan 25, 2017",T20I # 591
464,464,18,India,England,England,7 wickets,Kanpur,"Jan 26, 2017",T20I # 592
465,465,19,India,England,India,5 runs,Nagpur,"Jan 29, 2017",T20I # 593
466,466,20,India,England,India,75 runs,Bengaluru,"Feb 1, 2017",T20I # 594
467,467,21,New Zealand,South Africa,South Africa,78 runs,Auckland,"Feb 17, 2017",T20I # 595
468,468,22,Australia,Sri Lanka,Sri Lanka,5 wickets,Melbourne,"Feb 17, 2017",T20I # 596
469,469,23,Australia,Sri Lanka,Sri Lanka,2 wickets,Geelong,"Feb 19, 2017",T20I # 597
470,470,24,Australia,Sri Lanka,Australia,41 runs,Adelaide,"Feb 22, 2017",T20I # 598
471,471,25,Afghanistan,Ireland,Afghanistan,6 wickets,Greater Noida,"Mar 8, 2017",T20I # 599
472,472,26,Afghanistan,Ireland,Afghanistan,17 runs,Greater Noida,"Mar 10, 2017",T20I # 600
473,473,27,Afghanistan,Ireland,Afghanistan,28 runs,Greater Noida,"Mar 12, 2017",T20I # 601
474,474,28,West Indies,Pakistan,Pakistan,6 wickets,Bridgetown,"Mar 26, 2017",T20I # 602
475,475,29,West Indies,Pakistan,Pakistan,3 runs,Port of Spain,"Mar 30, 2017",T20I # 603
476,476,30,West Indies,Pakistan,West Indies,7 wickets,Port of Spain,"Apr 1, 2017",T20I # 604
477,477,31,West Indies,Pakistan,Pakistan,7 wickets,Port of Spain,"Apr 2, 2017",T20I # 605
478,478,32,Sri Lanka,Bangladesh,Sri Lanka,6 wickets,Colombo (RPS),"Apr 4, 2017",T20I # 606
479,479,33,Sri Lanka,Bangladesh,Bangladesh,45 runs,Colombo (RPS),"Apr 6, 2017",T20I # 607
480,480,34,U.A.E.,P.N.G.,U.A.E.,5 wickets,Abu Dhabi,"Apr 12, 2017",T20I # 608
481,481,35,U.A.E.,P.N.G.,U.A.E.,30 runs,Abu Dhabi,"Apr 14, 2017",T20I # 609
482,482,36,U.A.E.,P.N.G.,U.A.E.,5 wickets,Abu Dhabi,"Apr 14, 2017",T20I # 610
483,483,37,West Indies,Afghanistan,West Indies,6 wickets,Basseterre,"Jun 2, 2017",T20I # 611
484,484,38,West Indies,Afghanistan,West Indies,29 runs,Basseterre,"Jun 3, 2017",T20I # 612
485,485,39,West Indies,Afghanistan,West Indies,7 wickets,Basseterre,"Jun 5, 2017",T20I # 613
486,486,40,England,South Africa,England,9 wickets,Southampton,"Jun 21, 2017",T20I # 614
487,487,41,England,South Africa,South Africa,3 runs,Taunton,"Jun 23, 2017",T20I # 615
488,488,42,England,South Africa,England,19 runs,Cardiff,"Jun 25, 2017",T20I # 616
489,489,43,West Indies,India,West Indies,9 wickets,Kingston,"Jul 9, 2017",T20I # 617
490,490,44,Sri Lanka,India,India,7 wickets,Colombo (RPS),"Sep 6, 2017",T20I # 618
491,491,45,Pakistan,World-XI,Pakistan,20 runs,Lahore,"Sep 12, 2017",T20I # 619
492,492,46,Pakistan,World-XI,World-XI,7 wickets,Lahore,"Sep 13, 2017",T20I # 620
493,493,47,Pakistan,World-XI,Pakistan,33 runs,Lahore,"Sep 15, 2017",T20I # 621
494,494,48,England,West Indies,West Indies,21 runs,Chester-le-Street,"Sep 16, 2017",T20I # 622
495,495,49,India,Australia,India,9 wickets,Ranchi,"Oct 7, 2017",T20I # 623
496,496,50,India,Australia,Australia,8 wickets,Guwahati,"Oct 10, 2017",T20I # 624
497,497,51,Pakistan,Sri Lanka,Pakistan,7 wickets,Abu Dhabi,"Oct 26, 2017",T20I # 625
498,498,52,South Africa,Bangladesh,South Africa,20 runs,Bloemfontein,"Oct 26, 2017",T20I # 626
499,499,53,Pakistan,Sri Lanka,Pakistan,2 wickets,Abu Dhabi,"Oct 27, 2017",T20I # 627
500,500,54,South Africa,Bangladesh,South Africa,83 runs,Potchefstroom,"Oct 29, 2017",T20I # 628
501,501,55,Pakistan,Sri Lanka,Pakistan,36 runs,Lahore,"Oct 29, 2017",T20I # 629
502,502,56,India,New Zealand,India,53 runs,Delhi,"Nov 1, 2017",T20I # 630
503,503,57,India,New Zealand,New Zealand,40 runs,Rajkot,"Nov 4, 2017",T20I # 631
504,504,58,India,New Zealand,India,6 runs,Thiruvananthapuram,"Nov 7, 2017",T20I # 632
505,505,59,India,Sri Lanka,India,93 runs,Cuttack,"Dec 20, 2017",T20I # 633
506,506,60,India,Sri Lanka,India,88 runs,Indore,"Dec 22, 2017",T20I # 634
507,507,61,India,Sri Lanka,India,5 wickets,Mumbai,"Dec 24, 2017",T20I # 635
508,508,62,New Zealand,West Indies,New Zealand,47 runs,Nelson,"Dec 29, 2017",T20I # 636
509,509,0,New Zealand,West Indies,no result,,Mount Maunganui,"Jan 1, 2018",T20I # 637
510,510,1,New Zealand,West Indies,New Zealand,119 runs,Mount Maunganui,"Jan 3, 2018",T20I # 638
511,511,2,New Zealand,Pakistan,New Zealand,7 wickets,Wellington,"Jan 22, 2018",T20I # 639
512,512,3,New Zealand,Pakistan,Pakistan,48 runs,Auckland,"Jan 25, 2018",T20I # 640
513,513,4,New Zealand,Pakistan,Pakistan,18 runs,Mount Maunganui,"Jan 28, 2018",T20I # 641
514,514,5,Australia,New Zealand,Australia,7 wickets,Sydney,"Feb 3, 2018",T20I # 642
515,515,6,Afghanistan,Zimbabwe,Afghanistan,5 wickets,Sharjah,"Feb 5, 2018",T20I # 643
516,516,7,Afghanistan,Zimbabwe,Afghanistan,17 runs,Sharjah,"Feb 6, 2018",T20I # 644
517,517,8,Australia,England,Australia,5 wickets,Hobart,"Feb 7, 2018",T20I # 645
518,518,9,Australia,England,Australia,7 wickets,Melbourne,"Feb 10, 2018",T20I # 646
519,519,10,New Zealand,England,New Zealand,12 runs,Wellington,"Feb 13, 2018",T20I # 647
520,520,11,Bangladesh,Sri Lanka,Sri Lanka,6 wickets,Dhaka,"Feb 15, 2018",T20I # 648
521,521,12,New Zealand,Australia,Australia,5 wickets,Auckland,"Feb 16, 2018",T20I # 649
522,522,13,New Zealand,England,England,2 runs,Hamilton,"Feb 18, 2018",T20I # 650
523,523,14,Bangladesh,Sri Lanka,Sri Lanka,75 runs,Sylhet,"Feb 18, 2018",T20I # 651
524,524,15,South Africa,India,India,28 runs,Johannesburg,"Feb 18, 2018",T20I # 652
525,525,16,New Zealand,Australia,Australia,19 runs,Auckland,"Feb 21, 2018",T20I # 653
526,526,17,South Africa,India,South Africa,6 wickets,Centurion,"Feb 21, 2018",T20I # 654
527,527,18,South Africa,India,India,7 runs,Cape Town,"Feb 24, 2018",T20I # 655
528,528,19,Sri Lanka,India,Sri Lanka,5 wickets,Colombo (RPS),"Mar 6, 2018",T20I # 656
529,529,20,Bangladesh,India,India,6 wickets,Colombo (RPS),"Mar 8, 2018",T20I # 657
530,530,21,Sri Lanka,Bangladesh,Bangladesh,5 wickets,Colombo (RPS),"Mar 10, 2018",T20I # 658
531,531,22,Sri Lanka,India,India,6 wickets,Colombo (RPS),"Mar 12, 2018",T20I # 659
532,532,23,Bangladesh,India,India,17 runs,Colombo (RPS),"Mar 14, 2018",T20I # 660
533,533,24,Sri Lanka,Bangladesh,Bangladesh,2 wickets,Colombo (RPS),"Mar 16, 2018",T20I # 661
534,534,25,Bangladesh,India,India,4 wickets,Colombo (RPS),"Mar 18, 2018",T20I # 662
535,535,26,Pakistan,West Indies,Pakistan,143 runs,Karachi,"Apr 1, 2018",T20I # 663
536,536,27,Pakistan,West Indies,Pakistan,82 runs,Karachi,"Apr 2, 2018",T20I # 664
537,537,28,Pakistan,West Indies,Pakistan,8 wickets,Karachi,"Apr 3, 2018",T20I # 665
538,538,29,ICC World XI,West Indies,West Indies,72 runs,Lord's,"May 31, 2018",T20I # 666
539,539,30,Afghanistan,Bangladesh,Afghanistan,45 runs,Dehradun,"Jun 3, 2018",T20I # 667
540,540,31,Afghanistan,Bangladesh,Afghanistan,6 wickets,Dehradun,"Jun 5, 2018",T20I # 668
541,541,32,Afghanistan,Bangladesh,Afghanistan,1 run,Dehradun,"Jun 7, 2018",T20I # 669
542,542,33,Netherlands,Ireland,Netherlands,4 runs,Rotterdam,"Jun 12, 2018",T20I # 670
543,543,34,Scotland,Pakistan,Pakistan,48 runs,Edinburgh,"Jun 12, 2018",T20I # 671
544,544,35,Netherlands,Ireland,Netherlands,4 wickets,Rotterdam,"Jun 13, 2018",T20I # 672
545,545,36,Scotland,Pakistan,Pakistan,84 runs,Edinburgh,"Jun 13, 2018",T20I # 673
546,546,37,Ireland,Scotland,Ireland,46 runs,Deventer,"Jun 16, 2018",T20I # 674
547,547,38,Ireland,Scotland,tied,,Deventer,"Jun 17, 2018",T20I # 675
548,548,39,Netherlands,Scotland,Scotland,7 wickets,Amstelveen,"Jun 19, 2018",T20I # 676
549,549,40,Netherlands,Scotland,Scotland,115 runs,Amstelveen,"Jun 20, 2018",T20I # 677
550,550,41,Ireland,India,India,76 runs,Dublin (Malahide),"Jun 27, 2018",T20I # 678
551,551,42,England,Australia,England,28 runs,Birmingham,"Jun 27, 2018",T20I # 679
552,552,43,Ireland,India,India,143 runs,Dublin (Malahide),"Jun 29, 2018",T20I # 680
553,553,44,Zimbabwe,Pakistan,Pakistan,74 runs,Harare,"Jul 1, 2018",T20I # 681
554,554,45,Australia,Pakistan,Australia,9 wickets,Harare,"Jul 2, 2018",T20I # 682
555,555,46,Zimbabwe,Australia,Australia,100 runs,Harare,"Jul 3, 2018",T20I # 683
556,556,47,England,India,India,8 wickets,Manchester,"Jul 3, 2018",T20I # 684
557,557,48,Zimbabwe,Pakistan,Pakistan,7 wickets,Harare,"Jul 4, 2018",T20I # 685
558,558,49,Australia,Pakistan,Pakistan,45 runs,Harare,"Jul 5, 2018",T20I # 686
559,559,50,Zimbabwe,Australia,Australia,5 wickets,Harare,"Jul 6, 2018",T20I # 687
560,560,51,England,India,England,5 wickets,Cardiff,"Jul 6, 2018",T20I # 688
561,561,52,Australia,Pakistan,Pakistan,6 wickets,Harare,"Jul 8, 2018",T20I # 689
562,562,53,England,India,India,7 wickets,Bristol,"Jul 8, 2018",T20I # 690
563,563,54,Nepal,Netherlands,no result,,Lord's,"Jul 29, 2018",T20I # 691
564,564,55,West Indies,Bangladesh,West Indies,7 wickets,Basseterre,"Jul 31, 2018",T20I # 692
565,565,56,Bangladesh,West Indies,Bangladesh,12 runs,Lauderhill,"Aug 4, 2018",T20I # 693
566,566,57,Bangladesh,West Indies,Bangladesh,19 runs,Lauderhill,"Aug 5, 2018",T20I # 694
567,567,58,Sri Lanka,South Africa,Sri Lanka,3 wickets,Colombo (RPS),"Aug 14, 2018",T20I # 695
568,568,59,Ireland,Afghanistan,Afghanistan,16 runs,Bready,"Aug 20, 2018",T20I # 696
569,569,60,Ireland,Afghanistan,Afghanistan,81 runs,Bready,"Aug 22, 2018",T20I # 697
570,570,61,South Africa,Zimbabwe,South Africa,34 runs,East London,"Oct 9, 2018",T20I # 698
571,571,62,South Africa,Zimbabwe,South Africa,6 wickets,Potchefstroom,"Oct 12, 2018",T20I # 699
572,572,63,U.A.E.,Australia,Australia,7 wickets,Abu Dhabi,"Oct 22, 2018",T20I # 700
573,573,64,Australia,Pakistan,Pakistan,66 runs,Abu Dhabi,"Oct 24, 2018",T20I # 701
574,574,65,Australia,Pakistan,Pakistan,11 runs,Dubai (DSC),"Oct 26, 2018",T20I # 702
575,575,66,Sri Lanka,England,England,30 runs,Colombo (RPS),"Oct 27, 2018",T20I # 703
576,576,67,Australia,Pakistan,Pakistan,33 runs,Dubai (DSC),"Oct 28, 2018",T20I # 704
577,577,68,New Zealand,Pakistan,Pakistan,2 runs,Abu Dhabi,"Oct 31, 2018",T20I # 705
578,578,69,New Zealand,Pakistan,Pakistan,6 wickets,Dubai (DSC),"Nov 2, 2018",T20I # 706
579,579,70,India,West Indies,India,5 wickets,Kolkata,"Nov 4, 2018",T20I # 707
580,580,71,New Zealand,Pakistan,Pakistan,47 runs,Dubai (DSC),"Nov 4, 2018",T20I # 708
581,581,72,India,West Indies,India,71 runs,Lucknow,"Nov 6, 2018",T20I # 709
582,582,73,India,West Indies,India,6 wickets,Chennai,"Nov 11, 2018",T20I # 710
583,583,74,Australia,South Africa,South Africa,21 runs,Carrara,"Nov 17, 2018",T20I # 711
584,584,75,Australia,India,Australia,4 runs,Brisbane,"Nov 21, 2018",T20I # 712
585,585,76,Australia,India,no result,,Melbourne,"Nov 23, 2018",T20I # 713
586,586,77,Australia,India,India,6 wickets,Sydney,"Nov 25, 2018",T20I # 714
587,587,78,Bangladesh,West Indies,West Indies,8 wickets,Sylhet,"Dec 17, 2018",T20I # 715
588,588,79,Bangladesh,West Indies,Bangladesh,36 runs,Dhaka,"Dec 20, 2018",T20I # 716
589,589,80,Bangladesh,West Indies,West Indies,50 runs,Dhaka,"Dec 22, 2018",T20I # 717
590,590,0,New Zealand,Sri Lanka,New Zealand,35 runs,Auckland,"Jan 11, 2019",T20I # 718
591,591,1,Bahrain,Saudi Arabia,Bahrain,41 runs,Al Amerat,"Jan 20, 2019",T20I # 719
592,592,2,Kuwait,Maldives,Kuwait,8 wickets,Al Amerat,"Jan 20, 2019",T20I # 720
593,593,3,Bahrain,Maldives,Bahrain,2 wickets,Al Amerat,"Jan 21, 2019",T20I # 721
594,594,4,Qatar,Saudi Arabia,Qatar,4 wickets,Al Amerat,"Jan 21, 2019",T20I # 722
595,595,5,Kuwait,Qatar,tied,,Al Amerat,"Jan 22, 2019",T20I # 723
596,596,6,Maldives,Saudi Arabia,Saudi Arabia,6 wickets,Al Amerat,"Jan 22, 2019",T20I # 724
597,597,7,Maldives,Qatar,Qatar,8 wickets,Al Amerat,"Jan 23, 2019",T20I # 725
598,598,8,Bahrain,Kuwait,Kuwait,7 wickets,Al Amerat,"Jan 23, 2019",T20I # 726
599,599,9,Kuwait,Saudi Arabia,Saudi Arabia,7 wickets,Al Amerat,"Jan 24, 2019",T20I # 727
600,600,10,Bahrain,Qatar,Qatar,48 runs,Al Amerat,"Jan 24, 2019",T20I # 728
601,601,11,Qatar,Saudi Arabia,Saudi Arabia,8 wickets,Al Amerat,"Jan 24, 2019",T20I # 729
602,602,12,U.A.E.,Nepal,U.A.E.,21 runs,ICCA Dubai,"Jan 31, 2019",T20I # 730
603,603,13,U.A.E.,Nepal,Nepal,4 wickets,ICCA Dubai,"Feb 1, 2019",T20I # 731
604,604,14,South Africa,Pakistan,South Africa,6 runs,Cape Town,"Feb 1, 2019",T20I # 732
605,605,15,U.A.E.,Nepal,Nepal,14 runs,ICCA Dubai,"Feb 3, 2019",T20I # 733
606,606,16,South Africa,Pakistan,South Africa,7 runs,Johannesburg,"Feb 3, 2019",T20I # 734
607,607,17,New Zealand,India,New Zealand,80 runs,Wellington,"Feb 6, 2019",T20I # 735
608,608,18,South Africa,Pakistan,Pakistan,27 runs,Centurion,"Feb 6, 2019",T20I # 736
609,609,19,New Zealand,India,India,7 wickets,Auckland,"Feb 8, 2019",T20I # 737
610,610,20,New Zealand,India,New Zealand,4 runs,Hamilton,"Feb 10, 2019",T20I # 738
611,611,21,Netherlands,Scotland,Netherlands,7 wickets,Al Amerat,"Feb 13, 2019",T20I # 739
612,612,22,Oman,Ireland,Ireland,15 runs,Al Amerat,"Feb 13, 2019",T20I # 740
613,613,23,Oman,Netherlands,Netherlands,8 wickets,Al Amerat,"Feb 15, 2019",T20I # 741
614,614,24,Ireland,Scotland,Scotland,6 wickets,Al Amerat,"Feb 15, 2019",T20I # 742
615,615,25,Ireland,Netherlands,Ireland,1 wicket,Al Amerat,"Feb 17, 2019",T20I # 743
616,616,26,Oman,Scotland,Scotland,7 wickets,Al Amerat,"Feb 17, 2019",T20I # 744
617,617,27,Afghanistan,Ireland,Afghanistan,5 wickets,Dehradun,"Feb 21, 2019",T20I # 745
618,618,28,Afghanistan,Ireland,Afghanistan,84 runs,Dehradun,"Feb 23, 2019",T20I # 746
619,619,29,Afghanistan,Ireland,Afghanistan,32 runs,Dehradun,"Feb 24, 2019",T20I # 747
620,620,30,India,Australia,Australia,3 wickets,Visakhapatnam,"Feb 24, 2019",T20I # 748
621,621,31,India,Australia,Australia,7 wickets,Bengaluru,"Feb 27, 2019",T20I # 749
622,622,32,West Indies,England,England,4 wickets,Gros Islet,"Mar 5, 2019",T20I # 750
623,623,33,West Indies,England,England,137 runs,Basseterre,"Mar 8, 2019",T20I # 751
624,624,34,West Indies,England,England,8 wickets,Basseterre,"Mar 10, 2019",T20I # 752
625,625,35,U.A.E.,U.S.A.,no result,,ICCA Dubai,"Mar 15, 2019",T20I # 753
626,626,36,U.A.E.,U.S.A.,U.A.E.,24 runs,ICCA Dubai,"Mar 16, 2019",T20I # 754
627,627,37,South Africa,Sri Lanka,tied,,Cape Town,"Mar 19, 2019",T20I # 755
628,628,38,P.N.G.,Philippines,P.N.G.,133 runs,Port Moresby,"Mar 22, 2019",T20I # 756
629,629,39,P.N.G.,Vanuatu,P.N.G.,8 wickets,Port Moresby,"Mar 22, 2019",T20I # 757
630,630,40,South Africa,Sri Lanka,South Africa,16 runs,Centurion,"Mar 22, 2019",T20I # 758
631,631,41,Philippines,Vanuatu,Vanuatu,63 runs,Port Moresby,"Mar 23, 2019",T20I # 759
632,632,42,P.N.G.,Philippines,no result,,Port Moresby,"Mar 23, 2019",T20I # 760
633,633,43,Philippines,Vanuatu,Philippines,10 runs,Port Moresby,"Mar 24, 2019",T20I # 761
634,634,44,P.N.G.,Vanuatu,P.N.G.,10 wickets,Port Moresby,"Mar 24, 2019",T20I # 762
635,635,45,South Africa,Sri Lanka,South Africa,45 runs,Johannesburg,"Mar 24, 2019",T20I # 763
636,636,46,Spain,Malta,Spain,7 wickets,Cartagena,"Mar 29, 2019",T20I # 764
637,637,47,Spain,Malta,Spain,109 runs,Cartagena,"Mar 30, 2019",T20I # 765
638,638,48,Mexico,Belize,Belize,4 wickets,Naucalpan,"Apr 25, 2019",T20I # 766
639,639,49,Costa Rica,Panama,Panama,7 wickets,Naucalpan,"Apr 25, 2019",T20I # 767
640,640,50,Mexico,Costa Rica,Mexico,3 wickets,Naucalpan,"Apr 26, 2019",T20I # 768
641,641,51,Belize,Panama,Belize,9 runs,Naucalpan,"Apr 26, 2019",T20I # 769
642,642,52,Belize,Costa Rica,Belize,5 wickets,Naucalpan,"Apr 27, 2019",T20I # 771
643,643,53,Mexico,Panama,Panama,33 runs,Naucalpan,"Apr 27, 2019",T20I # 770
644,644,54,England,Pakistan,England,7 wickets,Cardiff,"May 5, 2019",T20I # 772
645,645,55,Belgium,Germany,Germany,9 runs,Waterloo,"May 11, 2019",T20I # 773
646,646,56,Belgium,Germany,Germany,62 runs,Waterloo,"May 11, 2019",T20I # 774
647,647,57,Belgium,Germany,Germany,6 wickets,Waterloo,"May 12, 2019",T20I # 775
648,648,58,Kenya,Nigeria,Kenya,8 wickets,Kampala,"May 20, 2019",T20I # 776
649,649,59,Ghana,Namibia,Namibia,9 wickets,Kampala,"May 20, 2019",T20I # 777
650,650,60,Uganda,Botswana,Uganda,52 runs,Kampala,"May 20, 2019",T20I # 778
651,651,61,Uganda,Namibia,Namibia,42 runs,Kampala,"May 21, 2019",T20I # 779
652,652,62,Botswana,Nigeria,Nigeria,11 runs,Kampala,"May 21, 2019",T20I # 780
653,653,63,Ghana,Kenya,Kenya,53 runs,Kampala,"May 21, 2019",T20I # 781
654,654,64,Ghana,Nigeria,Nigeria,28 runs,Kampala,"May 22, 2019",T20I # 782
655,655,65,Botswana,Namibia,Namibia,10 wickets,Kampala,"May 22, 2019",T20I # 783
656,656,66,Uganda,Kenya,Kenya,1 run,Kampala,"May 22, 2019",T20I # 784
657,657,67,Uganda,Ghana,Uganda,7 wickets,Kampala,"May 23, 2019",T20I # 785
658,658,68,Germany,Italy,Italy,7 wickets,Utrecht,"May 25, 2019",T20I # 786
659,659,69,Germany,Italy,Italy,6 wickets,Utrecht,"May 25, 2019",T20I # 787
660,660,70,Guernsey,Jersey,tied,,St Peter Port,"May 31, 2019",T20I # 788
661,661,71,Guernsey,Jersey,Jersey,41 runs,Castel,"Jun 1, 2019",T20I # 789
662,662,72,Guernsey,Jersey,Jersey,76 runs,Castel,"Jun 1, 2019",T20I # 790
663,663,73,Guernsey,Jersey,Jersey,8 wickets,Castel,"Jun 15, 2019",T20I # 791
664,664,74,Italy,Norway,Italy,20 runs,St Peter Port,"Jun 15, 2019",T20I # 792
665,665,75,Guernsey,Germany,Germany,5 wickets,Castel,"Jun 15, 2019",T20I # 793
666,666,76,Germany,Italy,Italy,5 wickets,St Peter Port,"Jun 16, 2019",T20I # 794
667,667,77,Denmark,Jersey,Jersey,18 runs,Castel,"Jun 16, 2019",T20I # 795
668,668,78,Guernsey,Italy,Italy,11 runs,St Peter Port,"Jun 16, 2019",T20I # 796
669,669,79,Jersey,Norway,Jersey,80 runs,Castel,"Jun 16, 2019",T20I # 797
670,670,80,Denmark,Norway,Denmark,46 runs,Castel,"Jun 17, 2019",T20I # 798
671,671,81,Guernsey,Denmark,no result,,Castel,"Jun 18, 2019",T20I # 799
672,672,82,Denmark,Italy,no result,,Castel,"Jun 18, 2019",T20I # 800
673,673,83,Guernsey,Norway,Guernsey,4 wickets,Castel,"Jun 19, 2019",T20I # 801
674,674,84,Italy,Jersey,Jersey,73 runs,St Peter Port,"Jun 19, 2019",T20I # 802
675,675,85,Denmark,Germany,Germany,7 wickets,Castel,"Jun 19, 2019",T20I # 803
676,676,86,Guernsey,Denmark,Guernsey,6 runs,Castel,"Jun 20, 2019",T20I # 804
677,677,87,Germany,Norway,Germany,7 wickets,St Peter Port,"Jun 20, 2019",T20I # 805
678,678,88,Denmark,Italy,Denmark,30 runs,Castel,"Jun 20, 2019",T20I # 806
679,679,89,Germany,Jersey,Germany,3 wickets,St Peter Port,"Jun 20, 2019",T20I # 807
680,680,90,Netherlands,Zimbabwe,Netherlands,49 runs,Rotterdam,"Jun 23, 2019",T20I # 808
681,681,91,Malaysia,Thailand,Malaysia,5 wickets,Kuala Lumpur,"Jun 24, 2019",T20I # 809
682,682,92,Malaysia,Maldives,Malaysia,73 runs,Kuala Lumpur,"Jun 25, 2019",T20I # 810
683,683,93,Netherlands,Zimbabwe,tied,,Rotterdam,"Jun 25, 2019",T20I # 811
684,684,94,Maldives,Thailand,Maldives,2 wickets,Kuala Lumpur,"Jun 26, 2019",T20I # 812
685,685,95,Malaysia,Thailand,Malaysia,8 wickets,Kuala Lumpur,"Jun 27, 2019",T20I # 813
686,686,96,Malaysia,Maldives,no result,,Kuala Lumpur,"Jun 28, 2019",T20I # 814
687,687,97,Maldives,Thailand,Thailand,5 wickets,Kuala Lumpur,"Jun 29, 2019",T20I # 815
688,688,98,Qatar,Kuwait,Kuwait,7 wickets,Doha,"Jul 4, 2019",T20I # 816
689,689,99,Qatar,Kuwait,tied,,Doha,"Jul 5, 2019",T20I # 817
690,690,100,Qatar,Kuwait,Qatar,3 wickets,Doha,"Jul 6, 2019",T20I # 818
691,691,101,Samoa,P.N.G.,P.N.G.,9 wickets,Apia (No 1),"Jul 8, 2019",T20I # 819
692,692,102,P.N.G.,Vanuatu,P.N.G.,3 wickets,Apia (No 3),"Jul 9, 2019",T20I # 820
693,693,103,Samoa,Vanuatu,Samoa,2 wickets,Apia (No 1),"Jul 9, 2019",T20I # 821
694,694,104,Samoa,P.N.G.,P.N.G.,7 wickets,Apia (No 2),"Jul 10, 2019",T20I # 822
695,695,105,Samoa,Vanuatu,Vanuatu,32 runs,Apia (No 3),"Jul 12, 2019",T20I # 823
696,696,106,P.N.G.,Vanuatu,P.N.G.,59 runs,Apia (No 2),"Jul 12, 2019",T20I # 824
697,697,107,Ireland,Zimbabwe,Ireland,9 wickets,Bready,"Jul 12, 2019",T20I # 825
698,698,108,P.N.G.,Vanuatu,P.N.G.,32 runs,Apia (No 2),"Jul 13, 2019",T20I # 826
699,699,109,Malaysia,Nepal,Nepal,7 wickets,Kuala Lumpur,"Jul 13, 2019",T20I # 827
700,700,110,Denmark,Finland,Denmark,1 run,Brondby,"Jul 13, 2019",T20I # 828
701,701,111,Denmark,Finland,Denmark,38 runs,Brondby,"Jul 13, 2019",T20I # 829
702,702,112,Malaysia,Nepal,Nepal,6 runs,Kuala Lumpur,"Jul 14, 2019",T20I # 830
703,703,113,Ireland,Zimbabwe,Zimbabwe,8 wickets,Bready,"Jul 14, 2019",T20I # 831
